运输架次编号,通信阶段,开始时刻,结束时刻,保障方式,中继架次编号
Q3T001,爬升 O01→S012,360.0,480.0,直连,
Q3T001,巡航 O01→S012,455.20033162434896,785.200331624349,直连,
Q3T001,巡航 O01→S012,785.200331624349,1101.7377940649715,中继,Q3R002
Q3T001,下降 O01→S012,1071.7377950649716,1155.1381920141903,中继,Q3R002
Q3T001,投送 S012,1125.1381930141904,1365.1381920141903,中继,Q3R002
Q3T001,爬升 S012→O01,1335.1381930141904,1409.6385236385393,中继,Q3R002
Q3T001,巡航 S012→O01,1379.6385246385394,1679.6385246385394,中继,Q3R002
Q3T001,巡航 S012→O01,1679.6385246385394,2026.1759870791618,直连,
Q3T001,下降 S012→O01,1996.175988079162,2140.416385028381,直连,
Q3T002,爬升 O01→S014,360.0,540.0,直连,
Q3T002,巡航 O01→S014,514.7491292317709,844.7491292317709,直连,
Q3T002,巡航 O01→S014,844.7491292317709,994.7491292317709,中继,Q3R002
Q3T002,下降 O01→S014,965.658887095886,1085.658887095886,中继,Q3R002
Q3T002,投送 S014,1062.037842174011,1302.037841174011,中继,Q3R002
Q3T002,爬升 S014→O01,1272.037842174011,1382.3536370724485,中继,Q3R002
Q3T002,巡航 S014→O01,1352.3536380724486,1502.3536380724486,中继,Q3R002
Q3T002,巡航 S014→O01,1502.3536380724486,1832.3536380724486,直连,
Q3T002,下降 S014→O01,1803.2633959365637,2013.2633959365637,直连,
Q3T003,爬升 O01→S002,420.0,522.5017006601563,直连,
Q3T003,巡航 O01→S002,492.50170166015624,762.5017016601557,直连,
Q3T003,巡航 O01→S002,762.5017016601557,792.5017016601557,中继,Q3R001
Q3T003,巡航 O01→S002,792.5017016601557,1018.1869352160905,中继,Q3R002
Q3T003,下降 O01→S002,988.1869362160905,1048.1869362160905,中继,Q3R002
Q3T003,下降 O01→S002,1032.9140622912857,1062.9140622912857,中继,Q3R001
Q3T003,投送 S002,1032.9140632912859,1386.9140622912857,中继,Q3R001
Q3T003,爬升 S002→O01,1356.9140632912859,1386.9140632912859,中继,Q3R001
Q3T003,爬升 S002→O01,1386.9140632912859,1416.9140632912859,中继,Q3R002
Q3T003,巡航 S002→O01,1392.695764951442,1632.695764951442,中继,Q3R002
Q3T003,巡航 S002→O01,1632.695764951442,1918.3809985073763,直连,
Q3T003,下降 S002→O01,1888.3809995073764,2008.3809995073764,直连,
Q3T004,爬升 O01→S001,510.0,598.1426430429688,直连,
Q3T004,巡航 O01→S001,568.1426440429688,802.3700647955617,直连,
Q3T004,下降 O01→S001,772.3700657955617,846.8983698492726,直连,
Q3T004,投送 S001,816.8983708492726,1278.8983698492725,直连,
Q3T004,爬升 S001→O01,1248.8983708492726,1308.8983708492726,直连,
Q3T004,巡航 S001→O01,1284.5210148922413,1518.748435644834,直连,
Q3T004,下降 S001→O01,1488.748436644834,1591.426740698545,直连,
Q3T005,爬升 O01→S006,1921.4267416985454,2041.4267416985454,直连,
Q3T005,巡航 O01→S006,2016.7858774407327,2256.7858774407327,直连,
Q3T005,下降 O01→S006,2228.854764657792,2284.5036833355266,直连,
Q3T005,投送 S006,2254.5036843355265,2536.5036833355266,直连,
Q3T005,爬升 S006→O01,2506.5036843355265,2557.0228190777143,直连,
Q3T005,巡航 S006→O01,2527.022820077714,2767.022820077714,直连,
Q3T005,下降 S006→O01,2739.0917072947736,2888.290625972508,直连,
Q3T006,爬升 O01→S015,2679.419298968949,2857.4523830926473,直连,
Q3T006,巡航 O01→S015,2827.452384092647,3157.452384092647,直连,
Q3T006,巡航 O01→S015,3157.452384092647,3359.0452121374883,中继,Q3R003
Q3T006,下降 O01→S015,3329.045213137488,3389.045213137488,中继,Q3R003
Q3T006,投送 S015,3367.9649152859256,3607.9649142859257,中继,Q3R003
Q3T006,爬升 S015→O01,3577.9649152859256,3637.9649152859256,中继,Q3R003
Q3T006,巡航 S015→O01,3610.3980004096234,3790.3980004096234,中继,Q3R003
Q3T006,巡航 S015→O01,3790.3980004096234,4141.990828454464,直连,
Q3T006,下降 S015→O01,4111.990829454464,4319.630530602901,直连,
Q3T007,爬升 O01→S003,2713.8107288192095,2888.512107213741,直连,
Q3T007,巡航 O01→S003,2858.5121082137407,3188.5121082137407,直连,
Q3T007,巡航 O01→S003,3188.5121082137407,3488.5121082137407,中继,Q3R003
Q3T007,下降 O01→S003,3463.6017390774687,3582.9233933509063,中继,Q3R003
Q3T007,投送 S003,3552.923394350906,3792.9233933509063,中继,Q3R003
Q3T007,爬升 S003→O01,3762.923394350906,3867.358106078771,中继,Q3R003
Q3T007,巡航 S003→O01,3837.358107078771,4077.358107078771,中继,Q3R003
Q3T007,巡航 S003→O01,4077.358107078771,4137.358107078771,中继,Q3R004
Q3T007,巡航 S003→O01,4137.358107078771,4467.358107078771,直连,
Q3T007,下降 S003→O01,4442.447737942499,4646.089392215936,直连,
Q3T008,爬升 O01→S008,2759.368651182491,2879.368651182491,直连,
Q3T008,巡航 O01→S008,2857.452384092647,3157.452384092647,直连,
Q3T008,巡航 O01→S008,3157.452384092647,3427.452384092647,中继,Q3R003
Q3T008,下降 O01→S008,3398.0839297545263,3479.088594892222,中继,Q3R003
Q3T008,投送 S008,3449.0885958922217,3731.088594892222,中继,Q3R003
Q3T008,爬升 S008→O01,3701.0885958922217,3771.892327802378,中继,Q3R003
Q3T008,巡航 S008→O01,3741.892328802378,4011.892328802378,中继,Q3R003
Q3T008,巡航 S008→O01,4011.892328802378,4311.892328802378,直连,
Q3T008,下降 S008→O01,4282.5238744642575,4432.5238744642575,直连,
Q3T009,爬升 O01→S007,2788.7006801319008,2938.7006801319008,直连,
Q3T009,巡航 O01→S007,2916.79173848151,3186.79173848151,直连,
Q3T009,巡航 O01→S007,3186.79173848151,3246.79173848151,中继,Q3R003
Q3T009,下降 O01→S007,3219.046931680677,3309.046931680677,中继,Q3R003
Q3T009,投送 S007,3284.436201700208,3524.4362007002082,中继,Q3R003
Q3T009,爬升 S007→O01,3494.436201700208,3578.9272590498176,中继,Q3R003
Q3T009,巡航 S007→O01,3548.9272600498175,3608.9272600498175,中继,Q3R003
Q3T009,巡航 S007→O01,3608.9272600498175,3878.9272600498175,直连,
Q3T009,下降 S007→O01,3851.1824532489845,4031.1824532489845,直连,
Q3T010,爬升 O01→S010,2825.5365487255976,2958.1820596071084,直连,
Q3T010,巡航 O01→S010,2928.1820606071083,3258.1820606071083,直连,
Q3T010,巡航 O01→S010,3258.1820606071083,3348.1820606071083,中继,Q3R004
Q3T010,下降 O01→S010,3326.385385742188,3386.385385742188,中继,Q3R004
Q3T010,投送 S010,3360.000000000001,3599.999999000001,中继,Q3R004
Q3T010,爬升 S010→O01,3570.000000000001,3628.012177548178,中继,Q3R004
Q3T010,巡航 S010→O01,3598.012178548178,3688.012178548178,中继,Q3R004
Q3T010,巡航 S010→O01,3688.012178548178,4018.012178548178,直连,
Q3T010,下降 S010→O01,3996.2155036832573,4146.215503683257,直连,
Q3T011,爬升 O01→S013,2846.454412605166,2966.454412605166,直连,
Q3T011,巡航 O01→S013,2936.9483538486556,3266.9483538486556,直连,
Q3T011,巡航 O01→S013,3266.9483538486556,3371.007269507813,中继,Q3R004
Q3T011,下降 O01→S013,3341.007270507813,3389.9999990000006,中继,Q3R004
Q3T011,投送 S013,3360.0000000000005,3599.9999990000006,中继,Q3R004
Q3T011,爬升 S013→O01,3570.0000000000005,3615.8272735768237,中继,Q3R004
Q3T011,巡航 S013→O01,3585.8272745768236,3675.8272745768236,中继,Q3R004
Q3T011,巡航 S013→O01,3675.8272745768236,4019.886190235981,直连,
Q3T011,下降 S013→O01,3989.8861912359807,4128.478919728168,直连,
Q3T012,爬升 O01→S011,3547.292304112597,3637.292304112597,直连,
Q3T012,巡航 O01→S011,3614.3570062610343,3824.3570062610343,直连,
Q3T012,下降 O01→S011,3802.1671212711394,3873.7979979566862,直连,
Q3T012,投送 S011,3843.797998956686,4125.797997956686,直连,
Q3T012,爬升 S011→O01,4095.797998956686,4155.797998956687,直连,
Q3T012,巡航 S011→O01,4129.102701105124,4339.102701105124,直连,
Q3T012,下降 S011→O01,4316.912816115229,4430.7436928007755,直连,
Q3T013,爬升 O01→S010,5274.23152636297,5406.87703724448,直连,
Q3T013,巡航 O01→S010,5376.87703824448,5706.87703824448,直连,
Q3T013,巡航 O01→S010,5706.87703824448,5796.87703824448,中继,Q3R005
Q3T013,下降 O01→S010,5775.0803633795595,5805.0803633795595,中继,Q3R005
Q3T013,下降 O01→S010,5805.0803633795595,5835.0803633795595,中继,Q3R006
Q3T013,投送 S010,5808.694977637372,6018.694976637372,中继,Q3R006
Q3T013,爬升 S010→S014,5988.694977637372,6018.694977637372,中继,Q3R006
Q3T013,爬升 S010→S014,6018.694977637372,6078.694977637372,中继,Q3R005
Q3T013,巡航 S010→S014,6050.6828336757835,6140.6828336757835,中继,Q3R005
Q3T013,巡航 S010→S014,6140.6828336757835,6227.213731676598,中继,Q3R006
Q3T013,下降 S010→S014,6197.213732676599,6301.839158922692,中继,Q3R006
Q3T013,投送 S014,6271.8391599226925,6481.839158922692,中继,Q3R006
Q3T013,爬升 S014→O01,6451.8391599226925,6562.15495482113,中继,Q3R006
Q3T013,巡航 S014→O01,6532.15495582113,6682.15495582113,中继,Q3R006
Q3T013,巡航 S014→O01,6682.15495582113,7012.15495582113,直连,
Q3T013,下降 S014→O01,6983.064713685245,7193.064713685245,直连,
Q3T014,爬升 O01→S009,5321.700734126642,5406.87703724448,直连,
Q3T014,巡航 O01→S009,5376.87703824448,5706.87703824448,直连,
Q3T014,巡航 O01→S009,5706.87703824448,5883.767070012368,中继,Q3R005
Q3T014,下降 O01→S009,5853.767071012368,5909.058634953774,中继,Q3R005
Q3T014,投送 S009,5879.058635953775,6089.058634953774,中继,Q3R005
Q3T014,爬升 S009→S012,6059.058635953775,6132.698507186848,中继,Q3R005
Q3T014,巡航 S009→S012,6102.698508186848,6372.698508186848,中继,Q3R005
Q3T014,下降 S009→S012,6350.021118095315,6410.021118095315,中继,Q3R005
Q3T014,投送 S012,6382.468964775002,6592.468963775002,中继,Q3R005
Q3T014,爬升 S012→O01,6562.468964775002,6636.969295399351,中继,Q3R005
Q3T014,巡航 S012→O01,6606.969296399351,6906.969296399351,中继,Q3R005
Q3T014,巡航 S012→O01,6906.969296399351,7253.506758839973,直连,
Q3T014,下降 S012→O01,7223.506759839974,7367.747156789193,直连,
Q3T015,爬升 O01→S004,6208.437254266089,6328.437254266089,直连,
Q3T015,巡航 O01→S004,6298.616976352678,6688.616976352678,直连,
Q3T015,巡航 O01→S004,6688.616976352678,6838.616976352678,中继,Q3R005
Q3T015,下降 O01→S004,6814.9944724527995,6904.9944724527995,中继,Q3R005
Q3T015,投送 S004,6882.970138956705,7122.970137956705,中继,Q3R005
Q3T015,爬升 S004→O01,7092.970138956705,7179.61652670996,中继,Q3R005
Q3T015,巡航 S004→O01,7149.616527709961,7299.616527709961,中继,Q3R005
Q3T015,巡航 S004→O01,7299.616527709961,7689.616527709961,直连,
Q3T015,下降 S004→O01,7665.994023810083,7804.209689313989,直连,
Q3T016,爬升 O01→S005,9999.363670711435,10089.363670711435,直连,
Q3T016,巡航 O01→S005,10065.60063360206,10335.60063360206,直连,
Q3T016,巡航 O01→S005,10335.60063360206,10365.60063360206,中继,Q3R007
Q3T016,巡航 O01→S005,10365.60063360206,10395.60063360206,直连,
Q3T016,巡航 O01→S005,10395.60063360206,10449.068641345411,中继,Q3R007
Q3T016,下降 O01→S005,10419.068642345412,10501.632996814162,中继,Q3R007
Q3T016,投送 S005,10471.632997814162,10711.632996814162,中继,Q3R007
Q3T016,爬升 S005→O01,10681.632997814162,10755.436626371453,中继,Q3R007
Q3T016,巡航 S005→O01,10725.436627371453,10785.436627371453,中继,Q3R007
Q3T016,巡航 S005→O01,10785.436627371453,11108.904635114804,直连,
Q3T016,下降 S005→O01,11078.904636114805,11188.388990583555,直连,
Q3T017,爬升 O01→S009,10002.642098172866,10087.818401290704,直连,
Q3T017,巡航 O01→S009,10057.818402290704,10327.818402290704,直连,
Q3T017,巡航 O01→S009,10327.818402290704,10469.330427505014,中继,Q3R007
Q3T017,下降 O01→S009,10439.330428505014,10494.62199244642,中继,Q3R007
Q3T017,投送 S009,10464.62199344642,10704.62199244642,中继,Q3R007
Q3T017,爬升 S009→O01,10674.62199344642,10725.698296564258,中继,Q3R007
Q3T017,巡航 S009→O01,10695.698297564259,10815.698297564259,中继,Q3R007
Q3T017,巡航 S009→O01,10815.698297564259,11107.210322778568,直连,
Q3T017,下降 S009→O01,11077.210323778569,11167.210323778569,直连,
Q3T018,爬升 O01→S003,15643.04043417625,15846.682088449686,直连,
Q3T018,巡航 O01→S003,15816.682089449687,16086.682089449687,直连,
Q3T018,巡航 O01→S003,16086.682089449687,16326.682089449687,中继,Q3R008
Q3T018,下降 O01→S003,16300.75379414067,16442.405862232466,中继,Q3R008
Q3T018,投送 S003,16412.405863232467,16832.405863232467,中继,Q3R008
Q3T018,爬升 S003→O01,16808.405863232467,16927.727517505904,中继,Q3R008
Q3T018,巡航 S003→O01,16897.727518505904,17137.727518505904,中继,Q3R008
Q3T018,巡航 S003→O01,17137.727518505904,17407.727518505904,直连,
Q3T018,下降 S003→O01,17381.799223196886,17621.799223196886,直连,
Q3T019,爬升 O01→S006,18108.851292288684,18228.851292288684,直连,
Q3T019,巡航 O01→S006,18204.21042803087,18444.21042803087,直连,
Q3T019,下降 O01→S006,18416.27931524793,18471.928233925664,直连,
Q3T019,投送 S006,18441.928234925665,18795.928233925664,直连,
Q3T019,爬升 S006→S007,18765.928234925665,18906.152765175666,直连,
Q3T019,巡航 S006→S007,18876.152766175666,18996.152766175666,直连,
Q3T019,巡航 S006→S007,18996.152766175666,19056.152766175666,中继,Q3R009
Q3T019,巡航 S006→S007,19043.918989303864,19073.918989303864,直连,
Q3T019,下降 S006→S007,19043.918990303864,19073.918990303864,直连,
Q3T019,下降 S006→S007,19073.918990303864,19193.918990303864,中继,Q3R009
Q3T019,投送 S007,19164.849654366364,19482.849653366364,中继,Q3R009
Q3T019,爬升 S007→O01,19452.849654366364,19542.849654366364,中继,Q3R009
Q3T019,巡航 S007→O01,19518.238924385896,19578.238924385896,中继,Q3R009
Q3T019,巡航 S007→O01,19578.238924385896,19848.238924385896,直连,
Q3T019,下降 S007→O01,19820.49411758506,20042.630704109477,直连,
Q3T020,爬升 O01→S004,18198.851292288684,18337.06695779259,直连,
Q3T020,巡航 O01→S004,18307.06695879259,18697.06695879259,直连,
Q3T020,巡航 O01→S004,18697.06695879259,18847.06695879259,中继,Q3R009
Q3T020,下降 O01→S004,18823.444454892713,18938.414037022594,中继,Q3R009
Q3T020,投送 S004,18908.414038022594,19262.414037022594,中继,Q3R009
Q3T020,爬升 S004→O01,19232.414038022594,19322.414038022594,中继,Q3R009
Q3T020,巡航 S004→O01,19300.3897045265,19450.3897045265,中继,Q3R009
Q3T020,巡航 S004→O01,19450.3897045265,19840.3897045265,直连,
Q3T020,下降 S004→O01,19816.767200626622,19982.036782756506,直连,
Q3T021,爬升 O01→S002,20372.036783756506,20474.538484416662,直连,
Q3T021,巡航 O01→S002,20444.538485416662,20714.538485416662,直连,
Q3T021,巡航 O01→S002,20714.538485416662,20970.223718972597,中继,Q3R010
Q3T021,下降 O01→S002,20940.223719972597,21014.950846047792,中继,Q3R010
Q3T021,投送 S002,20984.950847047792,21338.950846047792,中继,Q3R010
Q3T021,爬升 S002→O01,21308.950847047792,21368.950847047792,中继,Q3R010
Q3T021,巡航 S002→O01,21344.732548707947,21584.732548707947,中继,Q3R010
Q3T021,巡航 S002→O01,21584.732548707947,21870.41778226388,直连,
Q3T021,下降 S002→O01,21840.41778326388,21960.41778326388,直连,
Q3T022,爬升 O01→S001,20487.20776769112,20575.35041073409,直连,
Q3T022,巡航 O01→S001,20545.35041173409,20779.57783248668,直连,
Q3T022,下降 O01→S001,20749.57783348668,20824.10613754039,直连,
Q3T022,投送 S001,20794.106138540392,21112.10613754039,直连,
Q3T022,爬升 S001→O01,21082.106138540392,21142.106138540392,直连,
Q3T022,巡航 S001→O01,21117.72878258336,21351.95620333595,直连,
Q3T022,下降 S001→O01,21321.95620433595,21424.634508389663,直连,
Q3T023,爬升 O01→S001,22487.33927145802,22575.481914500986,直连,
Q3T023,巡航 O01→S001,22545.481915500986,22779.709336253578,直连,
Q3T023,下降 O01→S001,22749.70933725358,22824.23764130729,直连,
Q3T023,投送 S001,22794.23764230729,23184.23764130729,直连,
Q3T023,爬升 S001→S013,23154.23764230729,23261.981965037758,直连,
Q3T023,巡航 S001→S013,23231.981966037758,23351.981966037758,直连,
Q3T023,巡航 S001→S013,23351.981966037758,23454.932209489198,中继,Q3R011
Q3T023,下降 S001→S013,23424.932210489198,23468.262614152285,中继,Q3R011
Q3T023,投送 S013,23438.262615152285,23678.262615152285,中继,Q3R011
Q3T023,爬升 S013→O01,23654.262615152285,23703.255343644472,中继,Q3R011
Q3T023,巡航 S013→O01,23673.255344644473,23733.255344644473,中继,Q3R011
Q3T023,巡航 S013→O01,23733.255344644473,24026.502476971797,直连,
Q3T023,下降 S013→O01,23996.502477971797,24162.243388837032,直连,
Q3T024,爬升 O01→S008,22705.789849062818,22825.789849062818,直连,
Q3T024,巡航 O01→S008,22803.873581972974,23103.873581972974,直连,
Q3T024,巡航 O01→S008,23103.873581972974,23373.873581972974,中继,Q3R011
Q3T024,下降 O01→S008,23344.505127634853,23425.509792772547,中继,Q3R011
Q3T024,投送 S008,23395.509793772548,23713.509792772547,中继,Q3R011
Q3T024,爬升 S008→S015,23683.509793772548,23803.509793772548,中继,Q3R011
Q3T024,爬升 S008→S015,23803.509793772548,23890.59395781161,直连,
Q3T024,巡航 S008→S015,23860.59395881161,24010.59395881161,直连,
Q3T024,巡航 S008→S015,24010.59395881161,24040.59395881161,中继,Q3R012
Q3T024,巡航 S008→S015,24040.59395881161,24070.59395881161,直连,
Q3T024,巡航 S008→S015,24070.59395881161,24153.164737502117,中继,Q3R012
Q3T024,下降 S008→S015,24123.164738502117,24272.719943800945,中继,Q3R012
Q3T024,投送 S015,24242.719944800945,24482.719944800945,中继,Q3R012
Q3T024,爬升 S015→O01,24458.719944800945,24518.719944800945,中继,Q3R012
Q3T024,巡航 S015→O01,24497.63964694938,24647.63964694938,中继,Q3R012
Q3T024,巡航 S015→O01,24647.63964694938,24928.913909185252,直连,
Q3T024,下降 S015→O01,24898.913910185252,25150.9635368708,直连,
Q3T025,爬升 O01→S011,24582.243389837036,24672.243389837036,直连,
Q3T025,巡航 O01→S011,24649.308091985473,24859.308091985473,直连,
Q3T025,下降 O01→S011,24837.11820699558,24908.749083681127,直连,
Q3T025,投送 S011,24878.749084681127,25118.749084681127,直连,
Q3T025,爬升 S011→S005,25094.749084681127,25179.722609071752,直连,
Q3T025,巡航 S011→S005,25149.722610071753,25359.722610071753,直连,
Q3T025,下降 S011→S005,25337.24006474661,25444.50697048489,中继,Q3R013
Q3T025,投送 S005,25414.50697148489,25768.50697048489,中继,Q3R013
Q3T025,爬升 S005→O01,25738.50697148489,25821.07132595364,中继,Q3R013
Q3T025,巡航 S005→O01,25791.07132695364,25851.07132695364,中继,Q3R013
Q3T025,巡航 S005→O01,25851.07132695364,26174.53933469699,直连,
Q3T025,下降 S005→O01,26144.53933569699,26264.53933569699,直连,
