unit,services,service_count,transport_trips,transport_trip_count,relay_trips,relay_degree,transport_workload_s,transport_energy_kWh
U1,"S001,S013",2,"Q3T004,Q3T011,Q3T022,Q3T023",4,"Q3R004,Q3R011",2,6595.782109899118,10.835400989619625
U2,S002,1,"Q3T003,Q3T021",2,"Q3R001,Q3R002,Q3R010",3,3958.0162531651404,10.46641189667736
U3,S003,1,"Q3T007,Q3T018",2,"Q3R003,Q3R004,Q3R008",3,4698.089522509157,9.128955053133911
U4,S004,1,"Q3T015,Q3T020",2,"Q3R005,Q3R009",2,4098.95792751573,8.126370788701918
U5,"S005,S011",2,"Q3T012,Q3T016,Q3T025",3,"Q3R007,Q3R013",2,4844.128100756195,7.707263949519735
U6,"S006,S007",2,"Q3T005,Q3T009,Q3T019",3,"Q3R003,Q3R009",2,5286.834341231368,7.9919446566120325
U7,"S008,S015",2,"Q3T006,Q3T008,Q3T024",3,"Q3R003,Q3R011,Q3R012",3,6811.144810861394,14.031732110894769
U8,"S009,S012",2,"Q3T001,Q3T014,Q3T017",3,"Q3R002,Q3R005,Q3R007",3,5987.242600238045,8.0074321924476
U9,"S010,S014",2,"Q3T002,Q3T010,Q3T013",3,"Q3R002,Q3R004,Q3R005,Q3R006",4,5897.348062630561,6.719761372959912
