K,canonical_units,transport_zero_augmentation,all_inventory_feasible,total_shortage,shortage_resource_types,relay_copy_count,relay_delta_energy_kWh,CV_transport_workload,CV_joint_workload,max_min_transport_workload_ratio,geo_compactness_km,pareto,selected,theoretical_relay_min,total_A_drone,total_B_drone,total_C_drone,total_A_battery,total_B_battery,total_C_battery,total_relay_drone,total_relay_energy,shortage_A_drone,shortage_B_drone,shortage_C_drone,shortage_A_battery,shortage_B_battery,shortage_C_battery,shortage_relay_drone,shortage_relay_energy,group_1_services,group_2_services
2,"1,2,3,4,5,6,7,8|9",True,False,3,2,3,1.8657564810447937,0.7551827010597731,0.6137880232312557,7.169357347939324,,0,0,0,4,2,2,6,2,4,4,7,0,0,0,0,0,0,2,1,S001;S002;S003;S004;S005;S006;S007;S008;S009;S011;S012;S013;S015,S010;S014
2,"1,2,3,4,5,6,7,9|8",False,False,2,2,3,1.7154152559103972,0.7514508986203003,0.6936137670962307,7.046699782449308,,1,0,0,5,2,2,6,2,4,3,5,1,0,0,0,0,0,1,0,S001;S002;S003;S004;S005;S006;S007;S008;S010;S011;S013;S014;S015,S009;S012
2,"1,2,3,4,5,6,7|8,9",False,False,4,3,4,2.133841813072584,0.5066335996800736,0.44768341215240215,3.0537823384468177,,0,0,0,5,2,2,6,2,4,4,7,1,0,0,0,0,0,2,1,S001;S002;S003;S004;S005;S006;S007;S008;S011;S013;S015,S009;S010;S012;S014
2,"1,2,3,4,5,6,8,9|7",False,False,4,3,2,1.0846197580861903,0.7172481499180781,0.6881453759300499,6.07334010164934,,0,0,0,4,2,3,6,2,5,4,6,0,0,1,0,0,1,2,0,S001;S002;S003;S004;S005;S006;S007;S009;S010;S011;S012;S013;S014,S008;S015
2,"1,2,3,4,5,6,8|7,9",False,False,6,4,5,2.9503762391309842,0.4724308509778513,0.3458658258586248,2.7909722426093473,,0,0,0,4,2,3,6,2,5,4,8,0,0,1,0,0,1,2,2,S001;S002;S003;S004;S005;S006;S007;S009;S011;S012;S013,S008;S010;S014;S015
2,"1,2,3,4,5,6,9|7,8",False,False,4,3,5,2.8000350139965877,0.4686990485383785,0.4203072583782075,2.7643448491819047,,0,0,0,4,2,3,6,2,5,4,6,0,0,1,0,0,1,2,0,S001;S002;S003;S004;S005;S006;S007;S010;S011;S013;S014,S008;S009;S012;S015
2,"1,2,3,4,5,6|7,8,9",False,False,6,4,6,3.218461571158774,0.22388174959815169,0.19122560533761557,1.5769269038119722,,0,0,0,4,2,3,6,2,5,4,8,0,0,1,0,0,1,2,2,S001;S002;S003;S004;S005;S006;S007;S011;S013,S008;S009;S010;S012;S014;S015
2,"1,2,3,4,5,7,8,9|6",False,False,4,4,2,1.2312864953383729,0.7805270284848408,0.7488229090881405,8.112739423869591,,0,0,0,4,3,3,6,3,5,3,5,0,1,1,0,0,1,1,0,S001;S002;S003;S004;S005;S008;S009;S010;S011;S012;S013;S014;S015,S006;S007
2,"1,2,3,4,5,7,8|6,9",False,False,7,5,5,3.097042976383167,0.5357097295446139,0.40407342042847205,3.3076500354796496,,0,0,0,4,3,3,6,3,5,4,8,0,1,1,0,0,1,2,2,S001;S002;S003;S004;S005;S008;S009;S011;S012;S013;S015,S006;S007;S010;S014
2,"1,2,3,4,5,7,9|6,8",False,False,5,4,5,2.9467017512487703,0.531977927105141,0.4783122867231931,3.2733027261500545,,0,0,0,5,2,3,6,2,5,4,6,1,0,1,0,0,1,2,0,S001;S002;S003;S004;S005;S008;S010;S011;S013;S014;S015,S006;S007;S009;S012
2,"1,2,3,4,5,7|6,8,9",False,False,7,5,6,3.3651283084109567,0.2871606281649142,0.24974265003637533,1.8056811660828083,,0,0,0,5,2,3,6,2,5,4,8,1,0,1,0,0,1,2,2,S001;S002;S003;S004;S005;S008;S011;S013;S015,S006;S007;S009;S010;S012;S014
2,"1,2,3,4,5,8,9|6,7",False,False,7,4,3,1.7846163637993642,0.49777517840291896,0.5042816265087904,2.9822802736829606,,0,0,0,4,3,4,6,3,6,4,6,0,1,2,0,0,2,2,0,S001;S002;S003;S004;S005;S009;S010;S011;S012;S013;S014,S006;S007;S008;S015
2,"1,2,3,4,5,8|6,7,9",False,False,9,5,6,3.650372844844158,0.2529578794626921,0.18682792938175494,1.677225212631258,,0,0,0,4,3,4,6,3,6,4,8,0,1,2,0,0,2,2,2,S001;S002;S003;S004;S005;S009;S011;S012;S013,S006;S007;S008;S010;S014;S015
2,"1,2,3,4,5,9|6,7,8",False,False,6,3,6,3.5000316197097616,0.24922607702321928,0.2581347376571427,1.6639177770987315,,0,0,0,4,2,4,6,2,6,4,6,0,0,2,0,0,2,2,0,S001;S002;S003;S004;S005;S010;S011;S013;S014,S006;S007;S008;S009;S012;S015
2,"1,2,3,4,5|6,7,8,9",False,False,8,4,7,3.918458176871948,0.00440877808299245,0.03885502897199417,1.008856602963018,,0,0,0,4,2,4,6,2,6,4,8,0,0,2,0,0,2,2,2,S001;S002;S003;S004;S005;S011;S013,S006;S007;S008;S009;S010;S012;S014;S015
2,"1,2,3,4,6,7,8,9|5",False,False,3,3,1,0.2680853320277899,0.7989051443542252,0.8110249749203756,8.94555526334779,,1,0,1,4,2,3,6,2,5,3,5,0,0,1,0,0,1,1,0,S001;S002;S003;S004;S006;S007;S008;S009;S010;S012;S013;S014;S015,S005;S011
2,"1,2,3,4,6,7,8|5,9",False,False,5,4,4,2.133841813072584,0.5540878454139984,0.4462037928454134,3.485188348043261,,0,0,0,4,2,3,6,2,5,4,7,0,0,1,0,0,1,2,1,S001;S002;S003;S004;S006;S007;S008;S009;S012;S013;S015,S005;S010;S011;S014
2,"1,2,3,4,6,7,9|5,8",False,False,5,5,2,1.4473299238826074,0.5503560429745256,0.5392123484310641,3.4479637027273347,,1,0,0,5,3,3,6,3,5,3,5,1,1,1,0,0,1,1,0,S001;S002;S003;S004;S006;S007;S008;S010;S013;S014;S015,S005;S009;S011;S012
2,"1,2,3,4,6,7|5,8,9",False,False,7,6,3,1.8657564810447937,0.3055387440342987,0.2928942042752262,1.8799302809468434,,0,0,0,5,3,3,6,3,5,4,7,1,1,1,0,0,1,2,1,S001;S002;S003;S004;S006;S007;S008;S013;S015,S005;S009;S010;S011;S012;S014
2,"1,2,3,4,6,8,9|5,7",False,False,7,4,3,1.3527050901139803,0.5161532942723033,0.513455913670652,3.1335405952429425,,0,0,0,4,2,4,6,2,6,4,7,0,0,2,0,0,2,2,1,S001;S002;S003;S004;S006;S007;S009;S010;S012;S013;S014,S005;S008;S011;S015
2,"1,2,3,4,6,8|5,7,9",False,False,8,4,6,3.218461571158774,0.2713359953320765,0.18981602291904764,1.7447492770161834,,0,0,0,4,2,4,6,2,6,4,8,0,0,2,0,0,2,2,2,S001;S002;S003;S004;S006;S007;S009;S012;S013,S005;S008;S010;S011;S014;S015
2,"1,2,3,4,6,9|5,7,8",False,False,8,5,4,2.531949681968798,0.2676041928926037,0.26966209530750657,1.7307638582735987,,0,0,0,4,3,4,6,3,6,4,7,0,1,2,0,0,2,2,1,S001;S002;S003;S004;S006;S007;S010;S013;S014,S005;S008;S009;S011;S012;S015
2,"1,2,3,4,6|5,7,8,9",False,False,9,5,5,2.9503762391309842,0.02278689395237687,0.040368309388341746,1.0466364886253714,,0,0,0,4,3,4,6,3,6,4,8,0,1,2,0,0,2,2,2,S001;S002;S003;S004;S006;S007;S013,S005;S008;S009;S010;S011;S012;S014;S015
2,"1,2,3,4,7,8,9|5,6",False,False,4,3,3,1.499371827366163,0.5794321728390659,0.5745869789686403,3.7554755043939245,,1,0,0,4,2,3,6,2,6,3,5,0,0,1,0,0,2,1,0,S001;S002;S003;S004;S008;S009;S010;S012;S013;S014;S015,S005;S006;S007;S011
2,"1,2,3,4,7,8|5,6,9",False,False,7,4,6,3.3651283084109567,0.3346148738988391,0.24834297124406884,2.005778039733237,,0,0,0,4,2,3,6,2,6,4,8,0,0,1,0,0,2,2,2,S001;S002;S003;S004;S008;S009;S012;S013;S015,S005;S006;S007;S010;S011;S014
2,"1,2,3,4,7,9|5,6,8",False,False,7,5,4,2.6786164192209805,0.33088307145936624,0.3295609985202941,1.9890141987022603,,0,0,0,5,3,3,6,3,6,4,6,1,1,1,0,0,2,2,0,S001;S002;S003;S004;S008;S010;S013;S014;S015,S005;S006;S007;S009;S011;S012
2,"1,2,3,4,7|5,6,8,9",False,False,9,6,5,3.097042976383167,0.08606577251913947,0.10075134893577334,1.18834128306228,,0,0,0,5,3,3,6,3,6,4,8,1,1,1,0,0,2,2,2,S001;S002;S003;S004;S008;S013;S015,S005;S006;S007;S009;S010;S011;S012;S014
2,"1,2,3,4,8,9|5,6,7",False,False,8,4,4,2.052701695827154,0.29668032275714407,0.3378203615168528,1.8436571088702824,,0,0,0,4,2,4,6,2,7,4,7,0,0,2,0,0,3,2,1,S001;S002;S003;S004;S009;S010;S012;S013;S014,S005;S006;S007;S008;S011;S015
2,"1,2,3,4,8|5,6,7,9",False,False,9,4,7,3.918458176871948,0.051863023816917216,0.0374873103350275,1.1093998549148505,,0,0,0,4,2,4,6,2,7,4,8,0,0,2,0,0,3,2,2,S001;S002;S003;S004;S009;S012;S013,S005;S006;S007;S008;S010;S011;S014;S015
2,"1,2,3,4,9|5,6,7,8",False,False,9,5,5,3.231946287681972,0.048131221377444404,0.10992495923639936,1.101129950804973,,0,0,0,4,3,4,6,3,7,4,7,0,1,2,0,0,3,2,1,S001;S002;S003;S004;S010;S013;S014,S005;S006;S007;S008;S009;S011;S012;S015
2,"1,2,3,4|5,6,7,8,9",False,False,10,5,6,3.650372844844158,0.19668607756278245,0.10947656795150368,1.4896867141703356,,0,0,0,4,3,4,6,3,7,4,8,0,1,2,0,0,3,2,2,S001;S002;S003;S004;S013,S005;S006;S007;S008;S009;S010;S011;S012;S014;S015
2,"1,2,3,5,6,7,8,9|4",False,False,4,4,2,1.6261235594230121,0.8298394807925897,0.7503407313030378,10.753607765865956,,0,0,0,4,3,3,6,3,5,3,5,0,1,1,0,0,1,1,0,S001;S002;S003;S005;S006;S007;S008;S009;S010;S011;S012;S013;S014;S015,S004
2,"1,2,3,5,6,7,8|4,9",False,False,6,5,4,2.565753086757968,0.585022181852363,0.46646593161768346,3.8195347137529607,,0,0,0,4,3,3,6,3,5,4,7,0,1,1,0,0,1,2,1,S001;S002;S003;S005;S006;S007;S008;S009;S011;S012;S013;S015,S004;S010;S014
2,"1,2,3,5,6,7,9|4,8",False,False,4,4,4,2.4154118616235714,0.5812903794128902,0.5429004208061703,3.7765800011846467,,0,0,0,5,2,3,6,2,5,3,5,1,0,1,0,0,1,1,0,S001;S002;S003;S005;S006;S007;S008;S010;S011;S013;S014;S015,S004;S009;S012
2,"1,2,3,5,6,7|4,8,9",False,False,6,5,4,1.9077114650759193,0.33647308047266333,0.27933825843928545,2.014195718577175,,0,0,0,5,2,3,6,2,5,4,7,1,0,1,0,0,1,2,1,S001;S002;S003;S005;S006;S007;S008;S011;S013;S015,S004;S009;S010;S012;S014
2,"1,2,3,5,6,8,9|4,7",False,False,4,3,4,2.7107433175092024,0.5470876307106679,0.4726966643716639,3.4158652658089546,,0,0,0,4,3,3,6,3,4,4,6,0,1,1,0,0,0,2,0,S001;S002;S003;S005;S006;S007;S009;S010;S011;S012;S013;S014,S004;S008;S015
2,"1,2,3,5,6,8|4,7,9",False,False,6,4,6,3.650372844844158,0.3022703317704411,0.21346176542215733,1.8664396700728845,,0,0,0,4,3,3,6,3,4,4,8,0,1,1,0,0,0,2,2,S001;S002;S003;S005;S006;S007;S009;S011;S012;S013,S004;S008;S010;S014;S015
2,"1,2,3,5,6,9|4,7,8",False,False,3,2,6,3.5000316197097616,0.29853852933096825,0.2849162994693683,1.8511900989978298,,0,0,0,4,2,3,6,2,4,4,6,0,0,1,0,0,0,2,0,S001;S002;S003;S005;S006;S007;S010;S011;S013;S014,S004;S008;S009;S012;S015
2,"1,2,3,5,6|4,7,8,9",False,False,5,3,6,2.9923312231621098,0.053721230390741434,0.028875650005674814,1.1135420810781251,,1,0,0,4,2,3,6,2,4,4,8,0,0,1,0,0,0,2,2,S001;S002;S003;S005;S006;S007;S011;S013,S004;S008;S009;S010;S012;S014;S015
2,"1,2,3,5,7,8,9|4,6",False,False,7,4,2,1.4574168433350372,0.6103665092774304,0.5659241827261825,4.133028981392307,,0,0,0,4,3,4,6,3,6,4,6,0,1,2,0,0,2,2,0,S001;S002;S003;S005;S008;S009;S010;S011;S012;S013;S014;S015,S004;S006;S007
2,"1,2,3,5,7,8|4,6,9",False,False,9,5,4,2.397046370669993,0.36554921033720367,0.28806145431080643,2.1523327460321675,,0,0,0,4,3,4,6,3,6,4,8,0,1,2,0,0,2,2,2,S001;S002;S003;S005;S008;S009;S011;S012;S013;S015,S004;S006;S007;S010;S014
2,"1,2,3,5,7,9|4,6,8",False,False,7,4,4,2.2467051455355964,0.3618174078977308,0.36399388337325655,2.1338993334363763,,0,0,0,5,2,4,6,2,6,4,6,1,0,2,0,0,2,2,0,S001;S002;S003;S005;S008;S010;S011;S013;S014;S015,S004;S006;S007;S009;S012
2,"1,2,3,5,7|4,6,8,9",False,False,9,5,4,1.7390047489879445,0.11700010895750401,0.09481255679362774,1.2650059420038438,,0,0,0,5,2,4,6,2,6,4,8,1,0,2,0,0,2,2,2,S001;S002;S003;S005;S008;S011;S013;S015,S004;S006;S007;S009;S010;S012;S014
2,"1,2,3,5,8,9|4,6,7",False,False,6,4,3,2.0107467117960285,0.3276146591955087,0.3279785417182247,1.9744848357447127,,0,0,0,4,3,4,6,3,5,4,6,0,1,2,0,0,1,2,0,S001;S002;S003;S005;S009;S010;S011;S012;S013;S014,S004;S006;S007;S008;S015
2,"1,2,3,5,8|4,6,7,9",False,False,8,5,5,2.9503762391309842,0.08279736025528185,0.06684308923321718,1.1805432227677115,,0,0,0,4,3,4,6,3,5,4,8,0,1,2,0,0,1,2,2,S001;S002;S003;S005;S009;S011;S012;S013,S004;S006;S007;S008;S010;S014;S015
2,"1,2,3,5,9|4,6,7,8",False,False,5,3,5,2.8000350139965877,0.07906555781580904,0.1396886193728457,1.1717072447161132,,1,0,0,4,2,4,6,2,5,4,6,0,0,2,0,0,1,2,0,S001;S002;S003;S005;S010;S011;S013;S014,S004;S006;S007;S008;S009;S012;S015
2,"1,2,3,5|4,6,7,8,9",False,False,7,4,5,2.292334617448936,0.1657517411244178,0.12743785782120828,1.397367904244287,,0,0,0,4,2,4,6,2,5,4,8,0,0,2,0,0,1,2,2,S001;S002;S003;S005;S011;S013,S004;S006;S007;S008;S009;S010;S012;S014;S015
2,"1,2,3,6,7,8,9|4,5",False,False,3,3,3,1.894208891450802,0.628744625146815,0.5788011591162886,4.387127393888669,,1,0,0,4,2,3,6,2,5,3,5,0,0,1,0,0,1,1,0,S001;S002;S003;S006;S007;S008;S009;S010;S012;S013;S014;S015,S004;S005;S011
2,"1,2,3,6,7,8|4,5,9",False,False,5,4,5,2.8338384187857577,0.3839273262065881,0.30611273339839556,2.2463702499336327,,0,0,0,4,2,3,6,2,5,4,7,0,0,1,0,0,1,2,1,S001;S002;S003;S006;S007;S008;S009;S012;S013;S015,S004;S005;S010;S011;S014
2,"1,2,3,6,7,9|4,5,8",False,False,5,5,3,2.147326529595781,0.3801955237671153,0.3913385906193085,2.226824065801877,,1,0,0,5,3,3,6,3,5,3,5,1,1,1,0,0,1,1,0,S001;S002;S003;S006;S007;S008;S010;S013;S014;S015,S004;S005;S009;S011;S012
2,"1,2,3,6,7|4,5,8,9",False,False,7,6,3,1.6396261330481294,0.13537822482688844,0.12080954938570364,1.313150162797562,,0,0,0,5,3,3,6,3,5,4,7,1,1,1,0,0,1,2,1,S001;S002;S003;S006;S007;S008;S013;S015,S004;S005;S009;S010;S011;S012;S014
2,"1,2,3,6,8,9|4,5,7",False,False,6,4,5,2.9788286495369922,0.34599277506489307,0.3131444757551047,2.0580701921120945,,0,0,0,4,2,4,6,2,5,4,7,0,0,2,0,0,1,2,1,S001;S002;S003;S006;S007;S009;S010;S012;S013;S014,S004;S005;S008;S011;S015
2,"1,2,3,6,8|4,5,7,9",False,False,7,4,7,3.918458176871948,0.10117547612466625,0.06377371706980002,1.2251284281573502,,0,0,0,4,2,4,6,2,5,4,8,0,0,2,0,0,1,2,2,S001;S002;S003;S006;S007;S009;S012;S013,S004;S005;S008;S010;S011;S014;S015
2,"1,2,3,6,9|4,5,7,8",False,False,7,5,5,3.231946287681972,0.09744367368519345,0.1370672524431211,1.215928182749684,,0,0,0,4,3,4,6,3,5,4,7,0,1,2,0,0,1,2,1,S001;S002;S003;S006;S007;S010;S013;S014,S004;S005;S008;S009;S011;S012;S015
2,"1,2,3,6|4,5,7,8,9",False,False,8,5,5,2.72424589113432,0.14737362525503336,0.1254262752504589,1.345693329740392,,0,0,0,4,3,4,6,3,5,4,8,0,1,2,0,0,1,2,2,S001;S002;S003;S006;S007;S013,S004;S005;S008;S009;S010;S011;S012;S014;S015
2,"1,2,3,7,8,9|4,5,6",False,False,6,3,3,1.725502175362827,0.40927165363165563,0.395788032324044,2.3856509718816077,,0,0,0,4,2,4,6,2,6,4,6,0,0,2,0,0,2,2,0,S001;S002;S003;S008;S009;S010;S012;S013;S014;S015,S004;S005;S006;S007;S011
2,"1,2,3,7,8|4,5,6,9",False,False,8,4,5,2.6651317026977828,0.16445435469142886,0.1290467020693992,1.3936454115099721,,0,0,0,4,2,4,6,2,6,4,8,0,0,2,0,0,2,2,2,S001;S002;S003;S008;S009;S012;S013;S015,S004;S005;S006;S007;S010;S011;S014
2,"1,2,3,7,9|4,5,6,8",False,False,7,4,3,1.9786198135078066,0.16072255225195606,0.2087911740676791,1.3830021947645754,,0,0,0,5,2,4,6,2,6,4,6,1,0,2,0,0,2,2,0,S001;S002;S003;S008;S010;S013;S014;S015,S004;S005;S006;S007;S009;S011;S012
2,"1,2,3,7|4,5,6,8,9",False,False,9,5,3,1.4709194169601547,0.08409474668827079,0.06756656172378572,1.1836319780549376,,0,0,0,5,2,4,6,2,6,4,8,1,0,2,0,0,2,2,2,S001;S002;S003;S008;S013;S015,S004;S005;S006;S007;S009;S010;S011;S012;S014
2,"1,2,3,8,9|4,5,6,7",False,False,7,4,4,2.2788320438238183,0.1265198035497338,0.16535988279633965,1.2896912925190458,,0,0,0,4,2,4,6,2,6,4,7,0,0,2,0,0,2,2,1,S001;S002;S003;S009;S010;S012;S013;S014,S004;S005;S006;S007;S008;S011;S015
2,"1,2,3,8|4,5,6,7,9",False,False,8,4,6,3.218461571158774,0.11829749539049304,0.08545554989621527,1.2683387985676309,,0,0,0,4,2,4,6,2,6,4,8,0,0,2,0,0,2,2,2,S001;S002;S003;S009;S012;S013,S004;S005;S006;S007;S008;S010;S011;S014;S015
2,"1,2,3,9|4,5,6,7,8",False,False,7,4,4,2.531949681968798,0.12202929782996584,0.014855885481535672,1.2779803415497861,,0,0,0,4,2,4,6,2,6,4,7,0,0,2,0,0,2,2,1,S001;S002;S003;S010;S013;S014,S004;S005;S006;S007;S008;S009;S011;S012;S015
2,"1,2,3|4,5,6,7,8,9",False,False,8,4,4,2.024249285421146,0.3668465967701927,0.2889380103710234,2.1587921502083223,,0,0,0,4,2,4,6,2,6,4,8,0,0,2,0,0,2,2,2,S001;S002;S003;S013,S004;S005;S006;S007;S008;S009;S010;S011;S012;S014;S015
2,"1,2,4,5,6,7,8,9|3",False,False,4,3,2,0.9497164467873855,0.8049676609104488,0.7305043566567619,9.254709600143173,,0,0,0,4,2,3,6,2,5,4,6,0,0,1,0,0,1,2,0,S001;S002;S004;S005;S006;S007;S008;S009;S010;S011;S012;S013;S014;S015,S003
2,"1,2,4,5,6,7,8|3,9",False,False,6,4,4,2.397046370669993,0.5601503619702218,0.410566143012898,3.5470084025955226,,0,0,0,4,2,3,6,2,5,4,8,0,0,1,0,0,1,2,2,S001;S002;S004;S005;S006;S007;S008;S009;S011;S012;S013;S015,S003;S010;S014
2,"1,2,4,5,6,7,9|3,8",False,False,5,4,5,2.6651317026977828,0.556418559530749,0.458195259191147,3.5087549151836983,,0,0,0,4,2,3,6,2,5,4,7,0,0,1,0,0,1,2,1,S001;S002;S004;S005;S006;S007;S008;S010;S011;S013;S014;S015,S003;S009;S012
2,"1,2,4,5,6,7|3,8,9",False,False,6,4,5,2.6651317026977828,0.31160126059052223,0.2513083075604706,1.905292943615266,,0,0,0,4,2,3,6,2,5,4,8,0,0,1,0,0,1,2,2,S001;S002;S004;S005;S006;S007;S008;S011;S013;S015,S003;S009;S010;S012;S014
2,"1,2,4,5,6,8,9|3,7",False,False,4,3,3,1.5030463152483768,0.522215810828527,0.48337532022511526,3.1859903390026485,,0,0,0,4,2,3,6,2,5,4,6,0,0,1,0,0,1,2,0,S001;S002;S004;S005;S006;S007;S009;S010;S011;S012;S013;S014,S003;S008;S015
2,"1,2,4,5,6,8|3,7,9",False,False,6,4,5,2.9503762391309842,0.2773985118883001,0.18642561014565295,1.7677773058928985,,0,0,0,4,2,3,6,2,5,4,8,0,0,1,0,0,1,2,2,S001;S002;S004;S005;S006;S007;S009;S011;S012;S013,S003;S008;S010;S014;S015
2,"1,2,4,5,6,9|3,7,8",False,False,5,4,6,3.218461571158774,0.2736667094488273,0.23594720927381355,1.753556839563714,,0,0,0,4,2,3,6,2,5,4,7,0,0,1,0,0,1,2,1,S001;S002;S004;S005;S006;S007;S010;S011;S013;S014,S003;S008;S009;S012;S015
2,"1,2,4,5,6|3,7,8,9",False,False,6,4,6,3.218461571158774,0.028849410508600473,0.03392889367846258,1.0594128466187909,,0,0,0,4,2,3,6,2,5,4,8,0,0,1,0,0,1,2,2,S001;S002;S004;S005;S006;S007;S011;S013,S003;S008;S009;S010;S012;S014;S015
2,"1,2,4,5,7,8,9|3,6",False,False,6,4,3,1.6497130525005594,0.5854946893952895,0.5443667946291852,3.8250286518217442,,0,0,0,4,3,3,6,3,6,4,6,0,1,1,0,0,2,2,0,S001;S002;S004;S005;S008;S009;S010;S011;S012;S013;S014;S015,S003;S006;S007
2,"1,2,4,5,7,8|3,6,9",False,False,8,5,5,3.097042976383167,0.3406773904550626,0.2457685770108473,2.033416374694619,,0,0,0,4,3,3,6,3,6,4,8,0,1,1,0,0,2,2,2,S001;S002;S004;S005;S008;S009;S011;S012;S013;S015,S003;S006;S007;S010;S014
2,"1,2,4,5,7,9|3,6,8",False,False,6,4,6,3.3651283084109567,0.3369455880155898,0.2941500431500161,2.016343702493943,,0,0,0,4,2,3,6,2,6,4,7,0,0,1,0,0,2,2,1,S001;S002;S004;S005;S008;S010;S011;S013;S014;S015,S003;S006;S007;S009;S012
2,"1,2,4,5,7|3,6,8,9",False,False,7,4,6,3.3651283084109567,0.09212828907536298,0.09355109393529398,1.2029544217905708,,0,0,0,4,2,3,6,2,6,4,8,0,0,1,0,0,2,2,2,S001;S002;S004;S005;S008;S011;S013;S015,S003;S006;S007;S009;S010;S012;S014
2,"1,2,4,5,8,9|3,6,7",False,False,7,4,3,1.6717530313363516,0.3027428393133676,0.2921069002599436,1.868382159073814,,1,0,0,4,3,4,6,3,6,4,5,0,1,2,0,0,2,2,0,S001;S002;S004;S005;S009;S010;S011;S012;S013;S014,S003;S006;S007;S008;S015
2,"1,2,4,5,8|3,6,7,9",False,False,8,5,5,3.119082955218959,0.0579255403731408,0.00899617611850577,1.12297444173592,,0,0,0,4,3,4,6,3,6,4,7,0,1,2,0,0,2,2,1,S001;S002;S004;S005;S009;S011;S012;S013,S003;S006;S007;S008;S010;S014;S015
2,"1,2,4,5,9|3,6,7,8",False,False,6,3,6,3.387168287246749,0.05419373793366799,0.06055218805653681,1.1145979681193257,,1,0,0,4,2,4,6,2,6,4,6,0,0,2,0,0,2,2,0,S001;S002;S004;S005;S010;S011;S013;S014,S003;S006;S007;S008;S009;S012;S015
2,"1,2,4,5|3,6,7,8,9",False,False,7,4,6,3.387168287246749,0.1906235610065588,0.1401003040441053,1.471038077766688,,0,0,0,4,2,4,6,2,6,4,7,0,0,2,0,0,2,2,1,S001;S002;S004;S005;S011;S013,S003;S006;S007;S008;S009;S010;S012;S014;S015
2,"1,2,4,6,7,8,9|3,5",False,False,4,3,3,1.2178017788151754,0.6038728052646739,0.5543378026877828,4.04888335509585,,0,0,0,4,2,3,6,2,5,4,6,0,0,1,0,0,1,2,0,S001;S002;S004;S006;S007;S008;S009;S010;S012;S013;S014;S015,S003;S005;S011
2,"1,2,4,6,7,8|3,5,9",False,False,6,4,5,2.6651317026977828,0.35905550632444716,0.24986475424308788,2.120395010386661,,0,0,0,4,2,3,6,2,5,4,8,0,0,1,0,0,1,2,2,S001;S002;S004;S006;S007;S008;S009;S012;S013;S015,S003;S005;S010;S011;S014
2,"1,2,4,6,7,9|3,5,8",False,False,6,5,4,2.397046370669993,0.3553237038849743,0.3073784850254758,2.102332150340381,,0,0,0,4,3,3,6,3,5,4,7,0,1,1,0,0,1,2,1,S001;S002;S004;S006;S007;S008;S010;S013;S014;S015,S003;S005;S009;S011;S012
2,"1,2,4,6,7|3,5,8,9",False,False,7,5,4,2.397046370669993,0.11050640494474749,0.09760336326134463,1.248470378109655,,0,0,0,4,3,3,6,3,5,4,8,0,1,1,0,0,1,2,2,S001;S002;S004;S006;S007;S008;S013;S015,S003;S005;S009;S010;S011;S012;S014
2,"1,2,4,6,8,9|3,5,7",False,False,7,4,4,1.7711316472761667,0.3211209551827521,0.3151645877049131,1.9460328983028097,,0,0,0,4,2,4,6,2,6,4,7,0,0,2,0,0,2,2,1,S001;S002;S004;S006;S007;S009;S010;S012;S013;S014,S003;S005;S008;S011;S015
2,"1,2,4,6,8|3,5,7,9",False,False,8,4,6,3.218461571158774,0.07630365624252523,0.03251931125989458,1.1652137236618954,,0,0,0,4,2,4,6,2,6,4,8,0,0,2,0,0,2,2,2,S001;S002;S004;S006;S007;S009;S012;S013,S003;S005;S008;S010;S011;S014;S015
2,"1,2,4,6,9|3,5,7,8",False,False,8,5,5,2.9503762391309842,0.07257185380305242,0.08569934080919206,1.156501296840394,,0,0,0,4,3,4,6,3,6,4,7,0,1,2,0,0,2,2,1,S001;S002;S004;S006;S007;S010;S013;S014,S003;S005;S008;S009;S011;S012;S015
2,"1,2,4,6|3,5,7,8,9",False,False,9,5,5,2.9503762391309842,0.1722454451371744,0.11907190632463026,1.4161751672045313,,0,0,0,4,3,4,6,3,6,4,8,0,1,2,0,0,2,2,2,S001;S002;S004;S006;S007;S013,S003;S005;S008;S009;S010;S011;S012;S014;S015
2,"1,2,4,7,8,9|3,5,6",False,False,5,3,4,1.9177983845283493,0.3843998337495146,0.37654752457577284,2.248862020589851,,0,0,0,4,2,3,6,2,6,4,6,0,0,1,0,0,2,2,0,S001;S002;S004;S008;S009;S010;S012;S013;S014;S015,S003;S005;S006;S007;S011
2,"1,2,4,7,8|3,5,6,9",False,False,7,4,6,3.3651283084109567,0.1395825348092878,0.09215141514298734,1.3244530485636974,,0,0,0,4,2,3,6,2,6,4,8,0,0,1,0,0,2,2,2,S001;S002;S004;S008;S009;S012;S013;S015,S003;S005;S006;S007;S010;S011;S014
2,"1,2,4,7,9|3,5,6,8",False,False,7,5,5,3.097042976383167,0.13585073236981499,0.1457595785028717,1.3144149684749897,,0,0,0,4,3,3,6,3,6,4,7,0,1,1,0,0,2,2,1,S001;S002;S004;S008;S010;S013;S014;S015,S003;S005;S006;S007;S009;S011;S012
2,"1,2,4,7|3,5,6,8,9",False,False,8,5,5,3.097042976383167,0.1089665665704118,0.05755349448185134,1.2445846866845376,,0,0,0,4,3,3,6,3,6,4,8,0,1,1,0,0,2,2,2,S001;S002;S004;S008;S013;S015,S003;S005;S006;S007;S009;S010;S011;S012;S014
2,"1,2,4,8,9|3,5,6,7",False,False,7,3,4,1.9398383633641414,0.10164798366759284,0.12782677653414498,1.2262987822581592,,0,0,0,4,2,4,6,2,7,4,6,0,0,2,0,0,3,2,0,S001;S002;S004;S009;S010;S012;S013;S014,S003;S005;S006;S007;S008;S011;S015
2,"1,2,4,8|3,5,6,7,9",False,False,8,4,6,3.387168287246749,0.143169315272634,0.14150035643179795,1.334183445631826,,0,0,0,4,2,4,6,2,7,4,7,0,0,2,0,0,3,2,1,S001;S002;S004;S009;S012;S013,S003;S005;S006;S007;S008;S010;S011;S014;S015
2,"1,2,4,9|3,5,6,7,8",False,False,8,4,5,3.119082955218959,0.14690111771210682,0.09103987756895206,1.344394115997757,,0,0,0,4,3,4,6,3,7,4,6,0,1,2,0,0,3,2,0,S001;S002;S004;S010;S013;S014,S003;S005;S006;S007;S008;S009;S011;S012;S015
2,"1,2,4|3,5,6,7,8,9",False,False,9,5,5,3.119082955218959,0.39171841665233365,0.2944079523211438,2.287950933830739,,0,0,0,4,3,4,6,3,7,4,7,0,1,2,0,0,3,2,1,S001;S002;S004;S013,S003;S005;S006;S007;S008;S009;S010;S011;S012;S014;S015
2,"1,2,5,6,7,8,9|3,4",False,False,7,5,4,2.575840006210398,0.6348071417030385,0.5110469875281917,4.47655835693718,,0,0,0,4,3,3,6,3,6,4,7,0,1,1,0,0,2,2,1,S001;S002;S005;S006;S007;S008;S009;S010;S011;S012;S013;S014;S015,S003;S004
2,"1,2,5,6,7,8|3,4,9",False,False,8,5,5,3.097042976383167,0.38998984276281173,0.27303319969554984,2.2786339313729598,,0,0,0,4,3,3,6,3,6,4,8,0,1,1,0,0,2,2,2,S001;S002;S005;S006;S007;S008;S009;S011;S012;S013;S015,S003;S004;S010;S014
2,"1,2,5,6,7,9|3,4,8",False,False,6,4,6,3.3651283084109567,0.3862580403233388,0.32105069730371216,2.2586984944840074,,0,0,0,4,2,3,6,2,6,4,7,0,0,1,0,0,2,2,1,S001;S002;S005;S006;S007;S008;S010;S011;S013;S014;S015,S003;S004;S009;S012
2,"1,2,5,6,7|3,4,8,9",False,False,7,4,5,2.4390013547011185,0.14144074138311202,0.08550262127205281,1.3294839347745633,,0,0,0,4,2,3,6,2,6,4,8,0,0,1,0,0,2,2,2,S001;S002;S005;S006;S007;S008;S011;S013;S015,S003;S004;S009;S010;S012;S014
2,"1,2,5,6,8,9|3,4,7",False,False,6,5,5,3.129169874671389,0.3520552916211167,0.28628440197733696,2.0866831291884047,,0,0,0,4,3,3,6,3,5,4,7,0,1,1,0,0,1,2,1,S001;S002;S005;S006;S007;S009;S010;S011;S012;S013;S014,S003;S004;S008;S015
2,"1,2,5,6,8|3,4,7,9",False,False,7,5,6,3.650372844844158,0.10723799268088986,0.058819418350461956,1.2402387014718885,,0,0,0,4,3,3,6,3,5,4,8,0,1,1,0,0,1,2,2,S001;S002;S005;S006;S007;S009;S011;S012;S013,S003;S004;S008;S010;S014;S015
2,"1,2,5,6,9|3,4,7,8",False,False,5,4,7,3.918458176871948,0.10350619024141706,0.10853483390246481,1.2309133406493689,,0,0,0,4,2,3,6,2,5,4,7,0,0,1,0,0,1,2,1,S001;S002;S005;S006;S007;S010;S011;S013;S014,S003;S004;S008;S009;S012;S015
2,"1,2,5,6|3,4,7,8,9",False,False,6,4,6,2.9923312231621098,0.14131110869880978,0.12967019572467772,1.3291322622904274,,0,0,0,4,2,3,6,2,5,4,8,0,0,1,0,0,1,2,2,S001;S002;S005;S006;S007;S011;S013,S003;S004;S008;S009;S010;S012;S014;S015
2,"1,2,5,7,8,9|3,4,6",False,False,9,5,3,1.8758434004972238,0.4153341701878792,0.36688806054272294,2.420757461818299,,0,0,0,4,3,4,6,3,7,4,7,0,1,2,0,0,3,2,1,S001;S002;S005;S008;S009;S010;S011;S012;S013;S014;S015,S003;S004;S006;S007
2,"1,2,5,7,8|3,4,6,9",False,False,10,5,4,2.397046370669993,0.17051687124765239,0.12472509174311638,1.411140059000675,,0,0,0,4,3,4,6,3,7,4,8,0,1,2,0,0,3,2,2,S001;S002;S005;S008;S009;S011;S012;S013;S015,S003;S004;S006;S007;S010;S014
2,"1,2,5,7,9|3,4,6,8",False,False,8,4,5,2.6651317026977828,0.1667850688081796,0.17628964878894812,1.400341046624338,,0,0,0,4,2,4,6,2,7,4,7,0,0,2,0,0,3,2,1,S001;S002;S005;S008;S010;S011;S013;S014;S015,S003;S004;S006;S007;S009;S012
2,"1,2,5,7|3,4,6,8,9",False,False,9,4,4,1.7390047489879445,0.07803223013204727,0.07288474144664099,1.1692732277251368,,0,0,0,4,2,4,6,2,7,4,8,0,0,2,0,0,3,2,2,S001;S002;S005;S008;S011;S013;S015,S003;S004;S006;S007;S009;S010;S012;S014
2,"1,2,5,8,9|3,4,6,7",False,False,7,4,3,1.8978833793330159,0.13258232010595739,0.11669190665182372,1.305694299710729,,1,0,0,4,3,4,6,3,6,4,6,0,1,2,0,0,2,2,0,S001;S002;S005;S009;S010;S011;S012;S013;S014,S003;S004;S006;S007;S008;S015
2,"1,2,5,8|3,4,6,7,9",False,False,8,5,4,2.4190863495057853,0.11223497883426943,0.1196087075668438,1.2528483915414754,,0,0,0,4,3,4,6,3,6,4,7,0,1,2,0,0,2,2,1,S001;S002;S005;S009;S011;S012;S013,S003;S004;S006;S007;S008;S010;S014;S015
2,"1,2,5,9|3,4,6,7,8",False,False,6,3,5,2.687171681533575,0.11596678127374223,0.06466505782594584,1.2623584245868742,,0,0,0,4,2,4,6,2,6,4,6,0,0,2,0,0,2,2,0,S001;S002;S005;S010;S011;S013;S014,S003;S004;S006;S007;S008;S009;S012;S015
2,"1,2,5|3,4,6,7,8,9",False,False,7,4,4,1.7610447278237367,0.3607840802139691,0.3238005370905619,2.128833212835928,,0,0,0,4,2,4,6,2,6,4,7,0,0,2,0,0,2,2,1,S001;S002;S005;S011;S013,S003;S004;S006;S007;S008;S009;S010;S012;S014;S015
2,"1,2,6,7,8,9|3,4,5",False,False,6,4,5,2.8439253382381877,0.43371228605726375,0.3502450273534785,2.53177360334228,,0,0,0,4,2,3,6,2,6,4,7,0,0,1,0,0,2,2,1,S001;S002;S006;S007;S008;S009;S010;S012;S013;S014;S015,S003;S004;S005;S011
2,"1,2,6,7,8|3,4,5,9",False,False,7,4,6,3.3651283084109567,0.1888949871170369,0.11905206929668345,1.4657719632273882,,0,0,0,4,2,3,6,2,6,4,8,0,0,1,0,0,2,2,2,S001;S002;S006;S007;S008;S009;S012;S013;S015,S003;S004;S005;S010;S011;S014
2,"1,2,6,7,9|3,4,5,8",False,False,7,5,5,3.097042976383167,0.18516318467756407,0.17302420118757417,1.4544791820784235,,0,0,0,4,3,3,6,3,6,4,7,0,1,1,0,0,2,2,1,S001;S002;S006;S007;S008;S010;S013;S014;S015,S003;S004;S005;S009;S011;S012
2,"1,2,6,7|3,4,5,8,9",False,False,8,5,4,2.1709160226733286,0.05965411426266277,0.07180395083292447,1.1268769612702398,,0,0,0,4,3,3,6,3,6,4,8,0,1,1,0,0,2,2,2,S001;S002;S006;S007;S008;S013;S015,S003;S004;S005;S009;S010;S011;S012;S014
2,"1,2,6,8,9|3,4,5,7",False,False,6,4,6,3.397255206699179,0.1509604359753418,0.13223565347817967,1.3556028302373846,,0,0,0,4,2,4,6,2,5,4,7,0,0,2,0,0,1,2,1,S001;S002;S006;S007;S009;S010;S012;S013;S014,S003;S004;S005;S008;S011;S015
2,"1,2,6,8|3,4,5,7,9",False,False,7,4,7,3.918458176871948,0.09385686296488502,0.08885137333700519,1.2071568146992386,,0,0,0,4,2,4,6,2,5,4,8,0,0,2,0,0,1,2,2,S001;S002;S006;S007;S009;S012;S013,S003;S004;S005;S008;S010;S011;S014;S015
2,"1,2,6,9|3,4,5,7,8",False,False,7,5,6,3.650372844844158,0.09758866540435783,0.03887580008807369,1.2162842190985688,,0,0,0,4,3,4,6,3,5,4,7,0,1,2,0,0,1,2,1,S001;S002;S006;S007;S010;S013;S014,S003;S004;S005;S008;S009;S011;S012;S015
2,"1,2,6|3,4,5,7,8,9",False,False,8,5,5,2.72424589113432,0.34240596434458465,0.2861500401444868,2.0413901154176775,,0,0,0,4,3,4,6,3,5,4,8,0,1,2,0,0,1,2,2,S001;S002;S006;S007;S013,S003;S004;S005;S008;S009;S010;S011;S012;S014;S015
2,"1,2,7,8,9|3,4,5,6",False,False,8,4,4,2.143928732525014,0.21423931454210438,0.2029572340625628,1.5453042345005037,,0,0,0,4,2,4,6,2,7,4,7,0,0,2,0,0,3,2,1,S001;S002;S008;S009;S010;S012;S013;S014;S015,S003;S004;S005;S006;S007;S011
2,"1,2,7,8|3,4,5,6,9",False,False,9,4,5,2.6651317026977828,0.030577984398122423,0.03204085615911094,1.0630849803408637,,0,0,0,4,2,4,6,2,7,4,8,0,0,2,0,0,3,2,2,S001;S002;S008;S009;S012;S013;S015,S003;S004;S005;S006;S007;S010;S011;S014
2,"1,2,7,9|3,4,5,6,8",False,False,8,4,4,2.397046370669993,0.03430978683759523,0.02153743375569417,1.0710575428226385,,0,0,0,4,2,4,6,2,7,4,7,0,0,2,0,0,3,2,1,S001;S002;S008;S010;S013;S014;S015,S003;S004;S005;S006;S007;S009;S011;S012
2,"1,2,7|3,4,5,6,8,9",False,False,9,4,3,1.4709194169601547,0.279127085777822,0.23770239301063825,1.7744141311759514,,0,0,0,4,2,4,6,2,7,4,8,0,0,2,0,0,3,2,2,S001;S002;S008;S013;S015,S003;S004;S005;S006;S007;S009;S010;S011;S012;S014
2,"1,2,8,9|3,4,5,6,7",False,False,6,3,4,2.1659687113608057,0.06851253553981741,0.04375702632113966,1.1471035052082466,,1,0,0,4,2,4,6,2,6,4,6,0,0,2,0,0,2,2,0,S001;S002;S009;S010;S012;S013;S014,S003;S004;S005;S006;S007;S008;S011;S015
2,"1,2,8|3,4,5,6,7,9",False,False,7,4,5,2.687171681533575,0.31332983448004426,0.27305291285938776,1.9126065182773355,,0,0,0,4,2,4,6,2,6,4,7,0,0,2,0,0,2,2,1,S001;S002;S009;S012;S013,S003;S004;S005;S006;S007;S008;S010;S011;S014;S015
2,"1,2,9|3,4,5,6,7,8",False,False,6,3,4,2.4190863495057853,0.31706163691951705,0.22282516814199815,1.9285219693600721,,0,0,0,4,2,4,6,2,6,4,6,0,0,2,0,0,2,2,0,S001;S002;S010;S013;S014,S003;S004;S005;S006;S007;S008;S009;S011;S012;S015
2,"1,2|3,4,5,6,7,8,9",False,False,7,4,3,1.4929593957959468,0.5618789358597439,0.4923158068099842,3.564948284156769,,0,0,0,4,2,4,6,2,6,4,7,0,0,2,0,0,2,2,1,S001;S002;S013,S003;S004;S005;S006;S007;S008;S009;S010;S011;S012;S014;S015
2,"1,3,4,5,6,7,8,9|2",False,False,3,2,1,0.5212029701727692,0.8356904089820367,0.7350102624959751,11.172143985078424,,1,0,0,4,2,3,6,2,4,4,6,0,0,1,0,0,0,2,0,S001;S003;S004;S005;S006;S007;S008;S009;S010;S011;S012;S013;S014;S015,S002
2,"1,3,4,5,6,7,8|2,9",False,False,3,2,3,1.8657564810447937,0.5908731100418098,0.41362307099250417,3.888458933130465,,1,0,0,4,2,3,6,2,4,4,6,0,0,1,0,0,0,2,0,S001;S003;S004;S005;S006;S007;S008;S009;S011;S012;S013;S015,S002;S010;S014
2,"1,3,4,5,6,7,9|2,8",False,False,4,3,3,1.7154152559103972,0.587141307602337,0.4922459034629213,3.8442724758562465,,0,0,0,5,2,3,6,2,4,4,6,1,0,1,0,0,0,2,0,S001;S003;S004;S005;S006;S007;S008;S010;S011;S013;S014;S015,S002;S009;S012
2,"1,3,4,5,6,7|2,8,9",False,False,4,3,3,1.6126388428998144,0.3423240086621101,0.23194660213542667,2.041011115414844,,1,0,0,5,2,3,6,2,4,4,6,1,0,1,0,0,0,2,0,S001;S003;S004;S005;S006;S007;S008;S011;S013;S015,S002;S009;S010;S012;S014
2,"1,3,4,5,6,8,9|2,7",False,False,5,4,3,1.6058227282589597,0.5529385589001147,0.44431695318171505,3.4736580168477276,,0,0,0,4,2,3,6,2,5,4,7,0,0,1,0,0,1,2,1,S001;S003;S004;S005;S006;S007;S009;S010;S011;S012;S013;S014,S002;S008;S015
2,"1,3,4,5,6,8|2,7,9",False,False,5,4,5,2.9503762391309842,0.30812125995988787,0.1553046739103834,1.8906799475931992,,0,0,0,4,2,3,6,2,5,4,7,0,0,1,0,0,1,2,1,S001;S003;S004;S005;S006;S007;S009;S011;S012;S013,S002;S008;S010;S014;S015
2,"1,3,4,5,6,9|2,7,8",False,False,5,4,5,2.8000350139965877,0.3043894575204151,0.2286561701774616,1.8751720652058643,,0,0,0,4,2,3,6,2,5,4,7,0,0,1,0,0,1,2,1,S001;S003;S004;S005;S006;S007;S010;S011;S013;S014,S002;S008;S009;S012;S015
2,"1,3,4,5,6|2,7,8,9",False,False,5,4,5,2.697258600986005,0.05957215858018821,0.020049592042187273,1.1266916098320718,,1,0,0,4,2,3,6,2,5,4,7,0,0,1,0,0,1,2,1,S001;S003;S004;S005;S006;S007;S011;S013,S002;S008;S009;S010;S012;S014;S015
2,"1,3,4,5,7,8,9|2,6",False,False,7,5,3,1.7524894655111423,0.6162174374668772,0.5053584216532565,4.211284188628001,,0,0,0,4,3,4,6,3,5,4,7,0,1,2,0,0,1,2,1,S001;S003;S004;S005;S008;S009;S010;S011;S012;S013;S014;S015,S002;S006;S007
2,"1,3,4,5,7,8|2,6,9",False,False,7,5,5,3.097042976383167,0.37140013852665044,0.21486925267348447,2.18167426144874,,0,0,0,4,3,4,6,3,5,4,7,0,1,2,0,0,1,2,1,S001;S003;S004;S005;S008;S009;S011;S012;S013;S015,S002;S006;S007;S010;S014
2,"1,3,4,5,7,9|2,6,8",False,False,7,5,5,2.9467017512487703,0.36766833608717764,0.28803369405911733,2.1628971220959348,,0,0,0,5,2,4,6,2,5,4,7,1,0,2,0,0,1,2,1,S001;S003;S004;S005;S008;S010;S011;S013;S014;S015,S002;S006;S007;S009;S012
2,"1,3,4,5,7|2,6,8,9",False,False,7,5,5,2.8439253382381877,0.12285103714695078,0.04134289535149543,1.2801144214942937,,0,0,0,5,2,4,6,2,5,4,7,1,0,2,0,0,1,2,1,S001;S003;S004;S005;S008;S011;S013;S015,S002;S006;S007;S009;S010;S012;S014
2,"1,3,4,5,8,9|2,6,7",False,False,7,5,4,2.3058193339721336,0.33346558738495546,0.2726024560294107,2.0005952613208815,,0,0,0,4,3,3,6,3,6,4,7,0,1,1,0,0,2,2,1,S001;S003;S004;S005;S009;S010;S011;S012;S013;S014,S002;S006;S007;S008;S015
2,"1,3,4,5,8|2,6,7,9",False,False,7,5,6,3.650372844844158,0.08864828844472862,0.002001136052445231,1.1945424303717946,,0,0,0,4,3,3,6,3,6,4,7,0,1,1,0,0,2,2,1,S001;S003;S004;S005;S009;S011;S012;S013,S002;S006;S007;S008;S010;S014;S015
2,"1,3,4,5,9|2,6,7,8",False,False,6,4,6,3.5000316197097616,0.08491648600525581,0.07228279418961103,1.1855928660206276,,0,0,0,4,2,3,6,2,6,4,7,0,0,1,0,0,2,2,1,S001;S003;S004;S005;S010;S011;S013;S014,S002;S006;S007;S008;S009;S012;S015
2,"1,3,4,5|2,6,7,8,9",False,False,6,4,6,3.397255206699179,0.15990081293497102,0.1694533270322616,1.3806712716711478,,0,0,0,4,2,3,6,2,6,4,7,0,0,1,0,0,2,2,1,S001;S003;S004;S005;S011;S013,S002;S006;S007;S008;S009;S010;S012;S014;S015
2,"1,3,4,6,7,8,9|2,5",False,False,4,3,2,0.789288302200559,0.6345955533362617,0.554832477715597,4.473387142002928,,1,0,0,4,2,3,6,2,5,4,6,0,0,1,0,0,1,2,0,S001;S003;S004;S006;S007;S008;S009;S010;S012;S013;S014;S015,S002;S005;S011
2,"1,3,4,6,7,8|2,5,9",False,False,4,3,4,2.133841813072584,0.38977825439603486,0.24886355139467897,2.277497097420719,,0,0,0,4,2,3,6,2,5,4,6,0,0,1,0,0,1,2,0,S001;S003;S004;S006;S007;S008;S009;S012;S013;S015,S002;S005;S010;S011;S014
2,"1,3,4,6,7,9|2,5,8",False,False,6,5,2,1.4473299238826074,0.38604645195656206,0.3349024358317957,2.257575440965605,,0,0,0,5,3,3,6,3,5,4,6,1,1,1,0,0,1,2,0,S001;S003;S004;S006;S007;S008;S010;S013;S014;S015,S002;S005;S009;S011;S012
2,"1,3,4,6,7|2,5,8,9",False,False,6,5,2,1.3445535108720246,0.14122915301633523,0.07013821378604547,1.328909984572454,,0,0,0,5,3,3,6,3,5,4,6,1,1,1,0,0,1,2,0,S001;S003;S004;S006;S007;S008;S013;S015,S002;S005;S009;S010;S011;S012;S014
2,"1,3,4,6,8,9|2,5,7",False,False,7,4,4,1.8739080602867495,0.3518437032543399,0.2773351576224841,2.085675492225929,,0,0,0,4,2,4,6,2,6,4,7,0,0,2,0,0,2,2,1,S001;S003;S004;S006;S007;S009;S010;S012;S013;S014,S002;S005;S008;S011;S015
2,"1,3,4,6,8|2,5,7,9",False,False,7,4,6,3.218461571158774,0.10702640431411312,0.0018167628992313823,1.2397078812434692,,0,0,0,4,2,4,6,2,6,4,7,0,0,2,0,0,2,2,1,S001;S003;S004;S006;S007;S009;S012;S013,S002;S005;S008;S010;S011;S014;S015
2,"1,3,4,6,9|2,5,7,8",False,False,8,5,4,2.531949681968798,0.10329460187464022,0.07534791566437542,1.2303869299562298,,0,0,0,4,3,4,6,3,6,4,7,0,1,2,0,0,2,2,1,S001;S003;S004;S006;S007;S010;S013;S014,S002;S005;S008;S009;S011;S012;S015
2,"1,3,4,6|2,5,7,8,9",False,False,8,5,4,2.4291732689582153,0.1415226970655866,0.17742598380949887,1.32970632207011,,0,0,0,4,3,4,6,3,6,4,7,0,1,2,0,0,2,2,1,S001;S003;S004;S006;S007;S013,S002;S005;S008;S009;S010;S011;S012;S014;S015
2,"1,3,4,7,8,9|2,5,6",False,False,7,4,4,2.020574797538932,0.41512258182110245,0.33875667132800574,2.419519950397976,,0,0,0,4,2,4,6,2,6,4,7,0,0,2,0,0,2,2,1,S001;S003;S004;S008;S009;S010;S012;S013;S014;S015,S002;S005;S006;S007;S011
2,"1,3,4,7,8|2,5,6,9",False,False,7,4,6,3.3651283084109567,0.17030528288087562,0.061664580713085164,1.4105251711670808,,0,0,0,4,2,4,6,2,6,4,7,0,0,2,0,0,2,2,1,S001;S003;S004;S008;S009;S012;S013;S015,S002;S005;S006;S007;S010;S011;S014
2,"1,3,4,7,9|2,5,6,8",False,False,9,6,4,2.6786164192209805,0.16657348044140283,0.13665758211234375,1.399731653678657,,0,0,0,5,3,4,6,3,6,4,7,1,1,2,0,0,2,2,1,S001;S003;S004;S008;S010;S013;S014;S015,S002;S005;S006;S007;S009;S011;S012
2,"1,3,4,7|2,5,6,8,9",False,False,9,6,4,2.575840006210398,0.07824381849882402,0.11403630935269732,1.169771182594937,,0,0,0,5,3,4,6,3,6,4,7,1,1,2,0,0,2,2,1,S001;S003;S004;S008;S013;S015,S002;S005;S006;S007;S009;S010;S011;S012;S014
2,"1,3,4,8,9|2,5,6,7",False,False,7,4,5,2.5739046659999234,0.13237073173918057,0.11324560179568464,1.3051320110593327,,0,0,0,4,2,3,6,2,7,4,7,0,0,1,0,0,3,2,1,S001;S003;S004;S009;S010;S012;S013;S014,S002;S005;S006;S007;S008;S011;S015
2,"1,3,4,8|2,5,6,7,9",False,False,7,4,7,3.918458176871948,0.11244656720104626,0.14492848052468724,1.2533854595017206,,0,0,0,4,2,3,6,2,7,4,7,0,0,1,0,0,3,2,1,S001;S003;S004;S009;S012;S013,S002;S005;S006;S007;S008;S010;S011;S014;S015
2,"1,3,4,9|2,5,6,7,8",False,False,8,5,5,3.231946287681972,0.11617836964051907,0.07843029718976031,1.2629000369526264,,0,0,0,4,3,3,6,3,7,4,7,0,1,1,0,0,3,2,1,S001;S003;S004;S010;S013;S014,S002;S005;S006;S007;S008;S009;S011;S012;S015
2,"1,3,4|2,5,6,7,8,9",False,False,8,5,5,3.129169874671389,0.3609956685807459,0.32400527257707556,2.129869238222408,,0,0,0,4,3,3,6,3,7,4,7,0,1,1,0,0,3,2,1,S001;S003;S004;S013,S002;S005;S006;S007;S008;S009;S010;S011;S012;S014;S015
2,"1,3,5,6,7,8,9|2,4",False,False,5,4,3,2.147326529595781,0.6655298897746263,0.5106003493815396,4.979607560903884,,0,0,0,4,3,3,6,3,5,4,6,0,1,1,0,0,1,2,0,S001;S003;S005;S006;S007;S008;S009;S010;S011;S012;S013;S014;S015,S002;S004
2,"1,3,5,6,7,8|2,4,9",False,False,5,4,4,2.565753086757968,0.4207125908343995,0.2726183164664192,2.4525176421161627,,0,0,0,4,3,3,6,3,5,4,6,0,1,1,0,0,1,2,0,S001;S003;S005;S006;S007;S008;S009;S011;S012;S013;S015,S002;S004;S010;S014
2,"1,3,5,6,7,9|2,4,8",False,False,5,4,4,2.4154118616235714,0.4169807883949267,0.3479248393524028,2.430418689795704,,0,0,0,5,2,3,6,2,5,4,6,1,0,1,0,0,1,2,0,S001;S003;S005;S006;S007;S008;S010;S011;S013;S014;S015,S002;S004;S009;S012
2,"1,3,5,6,7|2,4,8,9",False,False,5,4,3,1.38650849490315,0.17216348945469986,0.05759137586301379,1.415935966248444,,1,0,0,5,2,3,6,2,5,4,6,1,0,1,0,0,1,2,0,S001;S003;S005;S006;S007;S008;S011;S013;S015,S002;S004;S009;S010;S012;S014
2,"1,3,5,6,8,9|2,4,7",False,False,4,3,5,3.231946287681972,0.38277803969270446,0.25067313796022683,2.24032540741788,,0,0,0,4,3,2,6,3,4,4,7,0,1,0,0,0,0,2,1,S001;S003;S005;S006;S007;S009;S010;S011;S012;S013;S014,S002;S004;S008;S015
2,"1,3,5,6,8|2,4,7,9",False,False,4,3,6,3.650372844844158,0.13796074075247766,0.02863497209284763,1.320079948268027,,0,0,0,4,3,2,6,3,4,4,7,0,1,0,0,0,0,2,1,S001;S003;S005;S006;S007;S009;S011;S012;S013,S002;S004;S008;S010;S014;S015
2,"1,3,5,6,9|2,4,7,8",True,False,3,2,6,3.5000316197097616,0.1342289383130048,0.09906435600183672,1.3100795216034444,,0,0,0,4,2,2,6,2,4,4,7,0,0,0,0,0,0,2,1,S001;S003;S005;S006;S007;S010;S011;S013;S014,S002;S004;S008;S009;S012;S015
2,"1,3,5,6|2,4,7,8,9",True,False,2,1,5,2.471128252989341,0.11058836062722205,0.18793872903718234,1.2486775655538083,,1,1,0,4,2,2,6,2,4,4,6,0,0,0,0,0,0,2,0,S001;S003;S005;S006;S007;S011;S013,S002;S004;S008;S009;S010;S012;S014;S015
2,"1,3,5,7,8,9|2,4,6",False,False,8,5,3,1.9786198135078066,0.44605691825946703,0.3289129233266843,2.6104792458384742,,0,0,0,4,3,4,6,3,6,4,7,0,1,2,0,0,2,2,1,S001;S003;S005;S008;S009;S010;S011;S012;S013;S014;S015,S002;S004;S006;S007
2,"1,3,5,7,8|2,4,6,9",False,False,8,5,4,2.397046370669993,0.20123961931924028,0.09284367147759941,1.5038798222508976,,0,0,0,4,3,4,6,3,6,4,7,0,1,2,0,0,2,2,1,S001;S003;S005;S008;S009;S011;S012;S013;S015,S002;S004;S006;S007;S010;S014
2,"1,3,5,7,9|2,4,6,8",False,False,8,5,4,2.2467051455355964,0.19750781687976735,0.16763208528613338,1.4922361140312215,,0,0,0,5,2,4,6,2,6,4,7,1,0,2,0,0,2,2,1,S001;S003;S005;S008;S010;S011;S013;S014;S015,S002;S004;S006;S007;S009;S012
2,"1,3,5,7|2,4,6,8,9",False,False,8,5,3,1.2178017788151754,0.04730948206045945,0.1331845874328281,1.0993176297435592,,0,0,0,5,2,4,6,2,6,4,7,1,0,2,0,0,2,2,1,S001;S003;S005;S008;S011;S013;S015,S002;S004;S006;S007;S009;S010;S012;S014
2,"1,3,5,8,9|2,4,6,7",False,False,6,5,4,2.531949681968798,0.1633050681775452,0.10234410599065333,1.3903574934339347,,0,0,0,4,3,3,6,3,5,4,7,0,1,1,0,0,1,2,1,S001;S003;S005;S009;S010;S011;S012;S013;S014,S002;S004;S006;S007;S008;S015
2,"1,3,5,8|2,4,6,7,9",False,False,6,5,5,2.9503762391309842,0.08151223076268163,0.12371806271502434,1.177492250833926,,0,0,0,4,3,3,6,3,5,4,7,0,1,1,0,0,1,2,1,S001;S003;S005;S009;S011;S012;S013,S002;S004;S006;S007;S008;S010;S014;S015
2,"1,3,5,9|2,4,6,7,8",False,False,5,4,5,2.8000350139965877,0.08524403320215444,0.051962468827900225,1.1863754625193776,,0,0,0,4,2,3,6,2,5,4,7,0,0,1,0,0,1,2,1,S001;S003;S005;S010;S011;S013;S014,S002;S004;S006;S007;S008;S009;S012;S015
2,"1,3,5|2,4,6,7,8,9",False,False,4,3,4,1.7711316472761667,0.33006133214238126,0.35512178873415884,1.985347907138654,,1,0,0,4,2,3,6,2,5,4,6,0,0,1,0,0,1,2,0,S001;S003;S005;S011;S013,S002;S004;S006;S007;S008;S009;S010;S012;S014;S015
2,"1,3,6,7,8,9|2,4,5",False,False,4,3,4,2.4154118616235714,0.46443503412885145,0.3464629498128463,2.7343742168549157,,0,0,0,4,2,3,6,2,5,4,6,0,0,1,0,0,1,2,0,S001;S003;S006;S007;S008;S009;S010;S012;S013;S014;S015,S002;S004;S005;S011
2,"1,3,6,7,8|2,4,5,9",False,False,4,3,5,2.8338384187857577,0.21961773518862465,0.11491552365207378,1.5628465563391758,,0,0,0,4,2,3,6,2,5,4,6,0,0,1,0,0,1,2,0,S001;S003;S006;S007;S008;S009;S012;S013;S015,S002;S004;S005;S010;S011;S014
2,"1,3,6,7,9|2,4,5,8",False,False,6,5,3,2.147326529595781,0.2158859327491518,0.19360606073103528,1.5506493041403047,,0,0,0,5,3,3,6,3,5,4,6,1,1,1,0,0,1,2,0,S001;S003;S006;S007;S008;S010;S013;S014;S015,S002;S004;S005;S009;S011;S012
2,"1,3,6,7|2,4,5,8,9",False,False,6,5,2,1.1184231628753603,0.028931366191075027,0.1082002391353979,1.0595866557394495,,1,0,0,5,3,3,6,3,5,4,5,1,1,1,0,0,1,2,0,S001;S003;S006;S007;S008;S013;S015,S002;S004;S005;S009;S010;S011;S012;S014
2,"1,3,6,8,9|2,4,5,7",False,False,5,4,6,3.5000316197097616,0.1816831840469297,0.09767087375121015,1.4440411843066636,,0,0,0,4,2,3,6,2,5,4,7,0,0,1,0,0,1,2,1,S001;S003;S006;S007;S009;S010;S012;S013;S014,S002;S004;S005;S008;S011;S015
2,"1,3,6,8|2,4,5,7,9",False,False,5,4,7,3.918458176871948,0.06313411489329714,0.11864207378991473,1.1347772736673116,,0,0,0,4,2,3,6,2,5,4,7,0,0,1,0,0,1,2,1,S001;S003;S006;S007;S009;S012;S013,S002;S004;S005;S008;S010;S011;S014;S015
2,"1,3,6,9|2,4,5,7,8",False,False,6,5,5,3.231946287681972,0.06686591733277,0.05128800398303857,1.1433147038025733,,0,0,0,4,3,3,6,3,5,4,7,0,1,1,0,0,1,2,1,S001;S003;S006;S007;S010;S013;S014,S002;S004;S005;S008;S009;S011;S012;S015
2,"1,3,6|2,4,5,7,8,9",False,False,5,4,4,2.2030429209615505,0.31168321627299683,0.34897362206356397,1.9056388675729723,,0,0,0,4,3,3,6,3,5,4,6,0,1,1,0,0,1,2,0,S001;S003;S006;S007;S013,S002;S004;S005;S008;S009;S010;S011;S012;S014;S015
2,"1,3,7,8,9|2,4,5,6",False,False,7,4,4,2.2467051455355964,0.24496206261369222,0.16615980215995052,1.6488735214065402,,0,0,0,4,2,4,6,2,6,4,7,0,0,2,0,0,2,2,1,S001;S003;S008;S009;S010;S012;S013;S014;S015,S002;S004;S005;S006;S007;S011
2,"1,3,7,8|2,4,5,6,9",False,False,7,4,5,2.6651317026977828,0.0001447636734653842,0.06348333511905929,1.0002895692660414,,1,0,0,4,2,4,6,2,6,4,7,0,0,2,0,0,2,2,1,S001;S003;S008;S009;S012;S013;S015,S002;S004;S005;S006;S007;S010;S011;S014
2,"1,3,7,9|2,4,5,6,8",False,False,8,5,3,1.9786198135078066,0.003587038766007424,0.009632804929910825,1.0071999038662949,,1,0,0,5,2,4,6,2,6,4,7,1,0,2,0,0,2,2,1,S001;S003;S008;S010;S013;S014;S015,S002;S004;S005;S006;S007;S009;S011;S012
2,"1,3,7|2,4,5,6,8,9",False,False,7,4,2,0.9497164467873855,0.24840433770623427,0.30307206167386463,1.6610052456879238,,1,0,0,5,2,4,6,2,6,4,6,1,0,2,0,0,2,2,0,S001;S003;S008;S013;S015,S002;S004;S005;S006;S007;S009;S010;S011;S012;S014
2,"1,3,8,9|2,4,5,6,7",False,False,6,4,5,2.8000350139965877,0.037789787468229676,0.05339943195423764,1.078547882730941,,0,0,0,4,2,3,6,2,6,4,7,0,0,1,0,0,2,2,1,S001;S003;S009;S010;S012;S013;S014,S002;S004;S005;S006;S007;S008;S011;S015
2,"1,3,8|2,4,5,6,7,9",False,False,6,4,6,3.218461571158774,0.2826070864084565,0.27345480991603144,1.7878725341559822,,0,0,0,4,2,3,6,2,6,4,7,0,0,1,0,0,2,2,1,S001;S003;S009;S012;S013,S002;S004;S005;S006;S007;S008;S010;S011;S014;S015
2,"1,3,9|2,4,5,6,7,8",False,False,6,4,4,2.531949681968798,0.28633888884792935,0.20917006512466674,1.8024505871860927,,0,0,0,4,2,3,6,2,6,4,7,0,0,1,0,0,2,2,1,S001;S003;S010;S013;S014,S002;S004;S005;S006;S007;S008;S009;S011;S012;S015
2,"1,3|2,4,5,6,7,8,9",False,False,5,3,3,1.5030463152483768,0.5311561877881562,0.5239131014072101,3.265812937926359,,0,0,0,4,2,3,6,2,6,4,6,0,0,1,0,0,2,2,0,S001;S003;S013,S002;S004;S005;S006;S007;S008;S009;S010;S011;S012;S014;S015
2,"1,4,5,6,7,8,9|2,3",False,False,6,4,3,1.4709194169601547,0.6406580698924852,0.48444941760254745,4.565729552912464,,0,0,0,4,2,3,6,2,5,4,8,0,0,1,0,0,1,2,2,S001;S004;S005;S006;S007;S008;S009;S010;S011;S012;S013;S014;S015,S002;S003
2,"1,4,5,6,7,8|2,3,9",False,False,5,4,4,2.397046370669993,0.3958407709522584,0.21534836017969106,2.310385580225833,,0,0,0,4,2,3,6,2,5,4,7,0,0,1,0,0,1,2,1,S001;S004;S005;S006;S007;S008;S009;S011;S012;S013;S015,S002;S003;S010;S014
2,"1,4,5,6,7,9|2,3,8",False,False,6,4,5,2.6651317026977828,0.39210896851278565,0.26566522200268844,2.290063344259201,,0,0,0,4,2,3,6,2,5,4,8,0,0,1,0,0,1,2,2,S001;S004;S005;S006;S007;S008;S010;S011;S013;S014;S015,S002;S003;S009;S012
2,"1,4,5,6,7|2,3,8,9",False,False,5,4,4,2.143928732525014,0.1472916695725589,0.036257180513165205,1.3454678799695208,,1,0,0,4,2,3,6,2,5,4,7,0,0,1,0,0,1,2,1,S001;S004;S005;S006;S007;S008;S011;S013;S015,S002;S003;S009;S010;S012;S014
2,"1,4,5,6,8,9|2,3,7",False,False,6,4,4,2.024249285421146,0.3579062198105635,0.24937590596756998,2.1148098014747023,,0,0,0,4,2,3,6,2,5,4,8,0,0,1,0,0,1,2,2,S001;S004;S005;S006;S007;S009;S010;S011;S012;S013;S014,S002;S003;S008;S015
2,"1,4,5,6,8|2,3,7,9",False,False,5,4,5,2.9503762391309842,0.11308892087033665,0.004135541802588482,1.2550174950600734,,0,0,0,4,2,3,6,2,5,4,7,0,0,1,0,0,1,2,1,S001;S004;S005;S006;S007;S009;S011;S012;S013,S002;S003;S008;S010;S014;S015
2,"1,4,5,6,9|2,3,7,8",False,False,6,4,6,3.218461571158774,0.10935711843086383,0.04794794925399736,1.2455689495619124,,0,0,0,4,2,3,6,2,5,4,8,0,0,1,0,0,1,2,2,S001;S004;S005;S006;S007;S010;S011;S013;S014,S002;S003;S008;S009;S012;S015
2,"1,4,5,6|2,3,7,8,9",False,False,5,4,5,2.697258600986005,0.135460180509363,0.18101938273017737,1.3133694422292137,,0,0,0,4,2,3,6,2,5,4,7,0,0,1,0,0,1,2,1,S001;S004;S005;S006;S007;S011;S013,S002;S003;S008;S009;S010;S012;S014;S015
2,"1,4,5,7,8,9|2,3,6",False,False,9,5,4,2.1709160226733286,0.421185098377326,0.3106437427354451,2.4553360571628615,,0,0,0,4,3,4,6,3,6,4,8,0,1,2,0,0,2,2,2,S001;S004;S005;S008;S009;S010;S011;S012;S013;S014;S015,S002;S003;S006;S007
2,"1,4,5,7,8|2,3,6,9",False,False,8,5,5,3.097042976383167,0.17636779943709915,0.05656440925585972,1.4282683443327322,,0,0,0,4,3,4,6,3,6,4,7,0,1,2,0,0,2,2,1,S001;S004;S005;S008;S009;S011;S012;S013;S015,S002;S003;S006;S007;S010;S014
2,"1,4,5,7,9|2,3,6,8",False,False,8,4,6,3.3651283084109567,0.17263599699762636,0.10747165261903222,1.4173157071643376,,0,0,0,4,2,4,6,2,6,4,8,0,0,2,0,0,2,2,2,S001;S004;S005;S008;S010;S011;S013;S014;S015,S002;S003;S006;S007;S009;S012
2,"1,4,5,7|2,3,6,8,9",False,False,7,4,5,2.8439253382381877,0.07218130194260049,0.11846971342289339,1.1555935488123457,,0,0,0,4,2,4,6,2,6,4,7,0,0,2,0,0,2,2,1,S001;S004;S005;S008;S011;S013;S015,S002;S003;S006;S007;S009;S010;S012;S014
2,"1,4,5,8,9|2,3,6,7",False,False,7,5,4,2.1929560015091205,0.13843324829540415,0.06434626527966993,1.3213523456459206,,0,0,0,4,3,3,6,3,6,4,7,0,1,1,0,0,2,2,1,S001;S004;S005;S009;S010;S011;S012;S013;S014,S002;S003;S006;S007;S008;S015
2,"1,4,5,8|2,3,6,7,9",False,False,5,4,5,3.119082955218959,0.10638405064482265,0.18025917655777676,1.238097922763326,,1,0,0,4,3,3,6,3,6,3,6,0,1,1,0,0,2,1,0,S001;S004;S005;S009;S011;S012;S013,S002;S003;S006;S007;S008;S010;S014;S015
2,"1,4,5,9|2,3,6,7,8",False,False,6,4,6,3.387168287246749,0.11011585308429556,0.12617602975323905,1.2474835706781648,,0,0,0,4,2,3,6,2,6,4,7,0,0,1,0,0,2,2,1,S001;S004;S005;S010;S011;S013;S014,S002;S003;S006;S007;S008;S009;S012;S015
2,"1,4,5|2,3,6,7,8,9",False,False,4,3,5,2.8659653170739796,0.35493315202452225,0.35759733050341286,2.100453861916696,,1,0,0,4,2,3,6,2,6,3,6,0,0,1,0,0,2,1,0,S001;S004;S005;S011;S013,S002;S003;S006;S007;S008;S009;S010;S012;S014;S015
2,"1,4,6,7,8,9|2,3,5",False,False,6,4,4,1.7390047489879445,0.4395632142467105,0.31609517548579885,2.568645119024043,,0,0,0,4,2,3,6,2,5,4,8,0,0,1,0,0,1,2,2,S001;S004;S006;S007;S008;S009;S010;S012;S013;S014;S015,S002;S003;S005;S011
2,"1,4,6,7,8|2,3,5,9",False,False,5,4,5,2.6651317026977828,0.19474591530648366,0.057334717054629385,1.48368811536201,,0,0,0,4,2,3,6,2,5,4,7,0,0,1,0,0,1,2,1,S001;S004;S006;S007;S008;S009;S012;S013;S015,S002;S003;S005;S010;S011;S014
2,"1,4,6,7,9|2,3,5,8",False,False,7,5,4,2.397046370669993,0.19101411286701084,0.11216070219226881,1.4722310139277128,,0,0,0,4,3,3,6,3,5,4,8,0,1,1,0,0,1,2,2,S001;S004;S006;S007;S008;S010;S013;S014;S015,S002;S003;S005;S009;S011;S012
2,"1,4,6,7|2,3,5,8,9",False,False,6,5,3,1.8758434004972238,0.05380318607321599,0.1242531323762589,1.1137251474139485,,0,0,0,4,3,3,6,3,5,4,7,0,1,1,0,0,1,2,1,S001;S004;S006;S007;S008;S013;S015,S002;S003;S005;S009;S010;S011;S012;S014
2,"1,4,6,8,9|2,3,5,7",False,False,8,4,5,2.292334617448936,0.1568113641647886,0.08842891337721044,1.371948476296673,,0,0,0,4,2,4,6,2,6,4,8,0,0,2,0,0,2,2,2,S001;S004;S006;S007;S009;S010;S012;S013;S014,S002;S003;S005;S008;S011;S015
2,"1,4,6,8|2,3,5,7,9",False,False,7,4,6,3.218461571158774,0.08800593477543825,0.15547994875992177,1.192996726911306,,0,0,0,4,2,4,6,2,6,4,7,0,0,2,0,0,2,2,1,S001;S004;S006;S007;S009;S012;S013,S002;S003;S005;S008;S010;S011;S014;S015
2,"1,4,6,9|2,3,5,7,8",False,False,9,5,5,2.9503762391309842,0.09173773721491105,0.10486181113904938,1.2020071536025445,,0,0,0,4,3,4,6,3,6,4,8,0,1,2,0,0,2,2,2,S001;S004;S006;S007;S010;S013;S014,S002;S003;S005;S008;S009;S011;S012;S015
2,"1,4,6|2,3,5,7,8,9",False,False,8,5,4,2.4291732689582153,0.3365550361551379,0.3406412690192642,2.0145680636558025,,0,0,0,4,3,4,6,3,6,4,7,0,1,2,0,0,2,2,1,S001;S004;S006;S007;S013,S002;S003;S005;S008;S009;S010;S011;S012;S014;S015
2,"1,4,7,8,9|2,3,5,6",False,False,8,4,5,2.4390013547011185,0.22009024273155114,0.1500220920811151,1.5643992543506415,,0,0,0,4,2,4,6,2,6,4,8,0,0,2,0,0,2,2,2,S001;S004;S008;S009;S010;S012;S013;S014;S015,S002;S003;S005;S006;S007;S011
2,"1,4,7,8|2,3,5,6,9",False,False,7,4,6,3.3651283084109567,0.02472705620867565,0.09452697538799631,1.050707971273253,,0,0,0,4,2,4,6,2,6,4,7,0,0,2,0,0,2,2,1,S001;S004;S008;S009;S012;S013;S015,S002;S003;S005;S006;S007;S010;S011;S014
2,"1,4,7,9|2,3,5,6,8",False,False,9,5,5,3.097042976383167,0.02845885864814854,0.04344458925211599,1.0585849789305875,,0,0,0,4,3,4,6,3,6,4,8,0,1,2,0,0,2,2,2,S001;S004;S008;S010;S013;S014;S015,S002;S003;S005;S006;S007;S009;S011;S012
2,"1,4,7|2,3,5,6,8,9",False,False,8,5,4,2.575840006210398,0.27327615758837537,0.2760620218727356,1.7520770384566209,,0,0,0,4,3,4,6,3,6,4,7,0,1,2,0,0,2,2,1,S001;S004;S008;S013;S015,S002;S003;S005;S006;S007;S009;S010;S011;S012;S014
2,"1,4,8,9|2,3,5,6,7",False,False,7,4,5,2.461041333536911,0.06266160735037064,0.09290042232413065,1.1337011432407913,,0,0,0,4,2,3,6,2,7,4,7,0,0,1,0,0,3,2,1,S001;S004;S009;S010;S012;S013;S014,S002;S003;S005;S006;S007;S008;S011;S015
2,"1,4,8|2,3,5,6,7,9",False,False,5,3,6,3.387168287246749,0.3074789062905975,0.32822857424157376,1.8879986734949117,,1,0,0,4,2,3,6,2,7,3,6,0,0,1,0,0,3,1,0,S001;S004;S009;S012;S013,S002;S003;S005;S006;S007;S008;S010;S011;S014;S015
2,"1,4,9|2,3,5,6,7,8",False,False,8,5,5,3.119082955218959,0.31121070873007034,0.2802952302452348,1.903645607370832,,0,0,0,4,3,3,6,3,7,4,7,0,1,1,0,0,3,2,1,S001;S004;S010;S013;S014,S002;S003;S005;S006;S007;S008;S009;S011;S012;S015
2,"1,4|2,3,5,6,7,8,9",False,False,6,4,4,2.5978799850461898,0.5560280076702971,0.5185456585287289,3.5047886680985907,,0,0,0,4,3,3,6,3,7,3,6,0,1,1,0,0,3,1,0,S001;S004;S013,S002;S003;S005;S006;S007;S008;S009;S010;S011;S012;S014;S015
2,"1,5,6,7,8,9|2,3,4",False,False,8,5,5,3.097042976383167,0.470497550685075,0.2871421049252853,2.77713078114675,,0,0,0,4,3,3,6,3,6,4,8,0,1,1,0,0,2,2,2,S001;S005;S006;S007;S008;S009;S010;S011;S012;S013;S014;S015,S002;S003;S004
2,"1,5,6,7,8|2,3,4,9",False,False,7,5,5,3.097042976383167,0.2256802517448483,0.08382903194056228,1.5829122975447676,,0,0,0,4,3,3,6,3,6,4,7,0,1,1,0,0,2,2,1,S001;S005;S006;S007;S008;S009;S011;S012;S013;S015,S002;S003;S004;S010;S014
2,"1,5,6,7,9|2,3,4,8",False,False,7,4,6,3.3651283084109567,0.2219484493053755,0.13437230677272832,1.5705237631291282,,0,0,0,4,2,3,6,2,6,4,8,0,0,1,0,0,2,2,2,S001;S005;S006;S007;S008;S010;S011;S013;S014;S015,S002;S003;S004;S009;S012
2,"1,5,6,7|2,3,4,8,9",False,False,6,4,4,1.9177983845283493,0.022868849634851356,0.1353403454807629,1.0468081477625708,,1,0,0,4,2,3,6,2,6,4,7,0,0,1,0,0,2,2,1,S001;S005;S006;S007;S008;S011;S013;S015,S002;S003;S004;S009;S010;S012;S014
2,"1,5,6,8,9|2,3,4,7",False,False,6,4,6,3.650372844844158,0.18774570060315324,0.07260190391587523,1.4622830577629862,,0,0,0,4,3,2,6,3,5,4,8,0,1,0,0,0,1,2,2,S001;S005;S006;S007;S009;S010;S011;S012;S013;S014,S002;S003;S004;S008;S015
2,"1,5,6,8|2,3,4,7,9",False,False,5,4,6,3.650372844844158,0.05707159833707361,0.12600737497884776,1.121051817373246,,1,0,0,4,3,2,6,3,5,4,7,0,1,0,0,0,1,2,1,S001;S005;S006;S007;S009;S011;S012;S013,S002;S003;S004;S008;S010;S014;S015
2,"1,5,6,9|2,3,4,7,8",False,False,5,3,7,3.918458176871948,0.06080340077654642,0.07388095695724996,1.1294796016655508,,0,0,0,4,2,2,6,2,5,4,8,0,0,0,0,0,1,2,2,S001;S005;S006;S007;S010;S011;S013;S014,S002;S003;S004;S008;S009;S012;S015
2,"1,5,6|2,3,4,7,8,9",False,False,3,2,5,2.471128252989341,0.30562069971677325,0.35021691530435484,1.8802701912113888,,0,0,0,4,2,2,6,2,5,4,6,0,0,0,0,0,1,2,0,S001;S005;S006;S007;S011;S013,S002;S003;S004;S008;S009;S010;S012;S014;S015
2,"1,5,7,8,9|2,3,4,6",False,False,10,5,4,2.397046370669993,0.2510245791699157,0.13928243067404059,1.6703145982860343,,0,0,0,4,3,4,6,3,7,4,8,0,1,2,0,0,3,2,2,S001;S005;S008;S009;S010;S011;S012;S013;S014;S015,S002;S003;S004;S006;S007
2,"1,5,7,8|2,3,4,6,9",False,False,9,5,4,2.397046370669993,0.006207280229688904,0.07049269109009065,1.01249210243988,,0,0,0,4,3,4,6,3,7,4,7,0,1,2,0,0,3,2,1,S001;S005;S008;S009;S011;S012;S013;S015,S002;S003;S004;S006;S007;S010;S014
2,"1,5,7,9|2,3,4,6,8",False,False,9,4,5,2.6651317026977828,0.002475477790216096,0.016240388399510364,1.0049632419757106,,0,0,0,4,2,4,6,2,7,4,8,0,0,2,0,0,3,2,2,S001;S005;S008;S010;S011;S013;S014;S015,S002;S003;S004;S006;S007;S009;S012
2,"1,5,7|2,3,4,6,8,9",False,False,8,4,3,1.2178017788151754,0.24234182115001074,0.3050632132052698,1.639712809588749,,0,0,0,4,2,4,6,2,7,4,7,0,0,2,0,0,3,2,1,S001;S005;S008;S011;S013;S015,S002;S003;S004;S006;S007;S009;S010;S012;S014
2,"1,5,8,9|2,3,4,6,7",False,False,7,5,4,2.4190863495057853,0.03172727091200608,0.10504730527175472,1.0655337488269232,,0,0,0,4,3,3,6,3,6,4,7,0,1,1,0,0,2,2,1,S001;S005;S009;S010;S011;S012;S013;S014,S002;S003;S004;S006;S007;S008;S015
2,"1,5,8|2,3,4,6,7,9",False,False,5,4,4,2.4190863495057853,0.27654456985223286,0.31488098119310326,1.764510316263016,,1,0,0,4,3,3,6,3,6,3,6,0,1,1,0,0,2,1,0,S001;S005;S009;S011;S012;S013,S002;S003;S004;S006;S007;S008;S010;S014;S015
2,"1,5,9|2,3,4,6,7,8",False,False,6,4,5,2.687171681533575,0.2802763722917058,0.25724809548149524,1.7788444383412754,,0,0,0,4,2,3,6,2,6,4,7,0,0,1,0,0,2,2,1,S001;S005;S010;S011;S013;S014,S002;S003;S004;S006;S007;S008;S009;S012;S015
2,"1,5|2,3,4,6,7,8,9",False,False,4,3,3,1.2398417576509675,0.5250936712319326,0.5623053236484277,3.211356806274002,,1,0,0,4,2,3,6,2,6,3,6,0,0,1,0,0,2,1,0,S001;S005;S011;S013,S002;S003;S004;S006;S007;S008;S009;S010;S012;S014;S015
2,"1,6,7,8,9|2,3,4,5",False,False,7,4,6,3.3651283084109567,0.26940269503930026,0.13297262798042186,1.7374861451310497,,0,0,0,4,2,3,6,2,6,4,8,0,0,1,0,0,2,2,2,S001;S006;S007;S008;S009;S010;S012;S013;S014;S015,S002;S003;S004;S005;S011
2,"1,6,7,8|2,3,4,5,9",False,False,6,4,6,3.3651283084109567,0.024585396099073405,0.06762632123430022,1.0504101455950121,,0,0,0,4,2,3,6,2,6,4,7,0,0,1,0,0,2,2,1,S001;S006;S007;S008;S009;S012;S013;S015,S002;S003;S004;S005;S010;S011;S014
2,"1,6,7,9|2,3,4,5,8",False,False,8,5,5,3.097042976383167,0.020853593659600596,0.016179966567413422,1.0425954556429242,,0,0,0,4,3,3,6,3,6,4,8,0,1,1,0,0,2,2,2,S001;S006;S007;S008;S010;S013;S014;S015,S002;S003;S004;S005;S009;S011;S012
2,"1,6,7|2,3,4,5,8,9",False,False,6,4,3,1.6497130525005594,0.22396370528062623,0.29968146140798374,1.5771990480461093,,0,0,0,4,3,3,6,3,6,4,6,0,1,1,0,0,2,2,0,S001;S006;S007;S008;S013;S015,S002;S003;S004;S005;S009;S010;S011;S012;S014
2,"1,6,8,9|2,3,4,5,7",False,False,6,4,7,3.918458176871948,0.013349155042621656,0.07524867559421665,1.0270595319729308,,1,0,0,4,2,3,6,2,5,4,8,0,0,1,0,0,1,2,2,S001;S006;S007;S009;S010;S012;S013;S014,S002;S003;S004;S005;S008;S011;S015
2,"1,6,8|2,3,4,5,7,9",False,False,5,4,7,3.918458176871948,0.2581664539828485,0.2712671641967199,1.6960225925854249,,0,0,0,4,2,3,6,2,5,4,7,0,0,1,0,0,1,2,1,S001;S006;S007;S009;S012;S013,S002;S003;S004;S005;S008;S010;S011;S014;S015
2,"1,6,9|2,3,4,5,7,8",False,False,7,5,6,3.650372844844158,0.2618982564223213,0.2237025934173835,1.709653536795253,,0,0,0,4,3,3,6,3,5,4,8,0,1,1,0,0,1,2,2,S001;S006;S007;S010;S013;S014,S002;S003;S004;S005;S008;S009;S011;S012;S015
2,"1,6|2,3,4,5,7,8,9",False,False,5,4,4,2.2030429209615505,0.5067155553625482,0.5135342136847544,3.0544558453894393,,0,0,0,4,3,3,6,3,5,4,6,0,1,1,0,0,1,2,0,S001;S006;S007;S013,S002;S003;S004;S005;S008;S009;S010;S011;S012;S014;S015
2,"1,7,8,9|2,3,4,5,6",False,False,9,4,5,2.6651317026977828,0.04992972352414093,0.017683941716893123,1.1051074320719676,,0,0,0,4,2,4,6,2,7,4,8,0,0,2,0,0,3,2,2,S001;S008;S009;S010;S012;S013;S014;S015,S002;S003;S004;S005;S006;S007;S011
2,"1,7,8|2,3,4,5,6,9",False,False,8,4,5,2.6651317026977828,0.19488757541608587,0.22457089334756944,1.48412512207051,,0,0,0,4,2,4,6,2,7,4,7,0,0,2,0,0,3,2,1,S001;S008;S009;S012;S013;S015,S002;S003;S004;S005;S006;S007;S010;S011;S014
2,"1,7,9|2,3,4,5,6,8",False,False,9,4,4,2.397046370669993,0.19861937785555878,0.1736803490775129,1.4956929887425192,,0,0,0,4,2,4,6,2,7,4,8,0,0,2,0,0,3,2,2,S001;S008;S010;S013;S014;S015,S002;S003;S004;S005;S006;S007;S009;S011;S012
2,"1,7|2,3,4,5,6,8,9",False,False,7,3,2,0.9497164467873855,0.44343667679578547,0.4775132693183241,2.5934814900948098,,1,0,0,4,2,4,6,2,7,4,6,0,0,2,0,0,3,2,0,S001;S008;S013;S015,S002;S003;S004;S005;S006;S007;S009;S010;S011;S012;S014
2,"1,8,9|2,3,4,5,6,7",False,False,6,4,5,2.687171681533575,0.2328221265577809,0.25869204618622177,1.606957355308335,,0,0,0,4,2,3,6,2,6,4,7,0,0,1,0,0,2,2,1,S001;S009;S010;S012;S013;S014,S002;S003;S004;S005;S006;S007;S008;S011;S015
2,"1,8|2,3,4,5,6,7,9",False,False,4,3,5,2.687171681533575,0.47763942549800775,0.46563595051493706,2.8287728776367906,,0,0,0,4,2,3,6,2,6,3,6,0,0,1,0,0,2,1,0,S001;S009;S012;S013,S002;S003;S004;S005;S006;S007;S008;S010;S011;S014;S015
2,"1,9|2,3,4,5,6,7,8",False,False,6,4,4,2.4190863495057853,0.48137122793748055,0.41809744176825786,2.856322880133046,,0,0,0,4,2,3,6,2,6,4,7,0,0,1,0,0,2,2,1,S001;S010;S013;S014,S002;S003;S004;S005;S006;S007;S008;S009;S011;S012;S015
2,"1|2,3,4,5,6,7,8,9",False,False,4,3,2,0.9717564256231777,0.7261885268777073,0.7386432200251615,6.304295825130522,,1,0,0,4,2,3,6,2,6,3,5,0,0,1,0,0,2,1,0,S001;S013,S002;S003;S004;S005;S006;S007;S008;S009;S010;S011;S012;S014;S015
